Ảnh,Thời gian (s),CER,WER
1,2.476,0.0485,0.3062
2,2.427,0.0412,0.2640
3,2.463,0.0514,0.3087
4,2.453,0.0526,0.3118
5,2.403,0.0475,0.2926
6,2.446,0.0458,0.3063
7,2.366,0.0457,0.2961
8,2.426,0.0487,0.2982
9,2.437,0.0440,0.2706
10,2.427,0.0511,0.2902
11,2.436,0.0443,0.2796
12,2.423,0.0503,0.3032
13,2.415,0.0433,0.2697
14,2.367,0.0452,0.2791
15,2.424,0.0535,0.3165
16,2.406,0.0447,0.2655
17,2.428,0.0488,0.2975
18,2.420,0.0452,0.2881
19,2.697,0.0519,0.3105
20,2.386,0.0445,0.2703
21,2.479,0.0459,0.2715
22,2.464,0.0407,0.2740
23,2.391,0.0429,0.2617
24,2.390,0.0486,0.2963
25,2.444,0.0503,0.3203
26,2.449,0.0439,0.2687
27,2.418,0.0475,0.2802
28,2.373,0.0422,0.2721
29,2.424,0.0392,0.2352
30,2.388,0.0448,0.2703
31,2.474,0.0410,0.2383
32,2.417,0.0469,0.2809
33,2.385,0.0538,0.3341
34,2.404,0.0425,0.2471
35,2.409,0.0396,0.2472
36,2.383,0.0478,0.2976
37,2.418,0.0417,0.2455
38,2.439,0.0479,0.3052
39,2.417,0.0441,0.2641
40,2.405,0.0487,0.2848
41,2.396,0.0496,0.2775
42,2.454,0.0484,0.2753
43,2.367,0.0466,0.2837
44,2.428,0.0445,0.2693
45,2.388,0.0521,0.3058
46,2.405,0.0513,0.3043
47,2.373,0.0524,0.3357
48,2.408,0.0537,0.3124
49,2.352,0.0469,0.2947
50,2.388,0.0429,0.2779
51,2.353,0.0465,0.2857
52,2.429,0.0470,0.2841
53,2.407,0.0480,0.2713
54,2.436,0.0434,0.2579
55,2.385,0.0434,0.2723
56,2.422,0.0419,0.2667
57,2.428,0.0476,0.2770
58,2.364,0.0471,0.2765
59,2.425,0.0447,0.2966
60,2.443,0.0493,0.2949
61,2.386,0.0458,0.2967
62,2.431,0.0523,0.3046
63,2.359,0.0467,0.2888
64,2.463,0.0519,0.3241
65,2.457,0.0508,0.3050
66,2.436,0.0452,0.2805
67,2.435,0.0494,0.3098
68,2.402,0.0415,0.2404
69,2.411,0.0421,0.2688
70,2.406,0.0435,0.2635
71,2.374,0.1022,0.3205
72,2.481,0.0443,0.2765
73,2.421,0.0493,0.2975
74,2.419,0.0487,0.2958
75,2.437,0.0464,0.3075
76,2.425,0.0432,0.2719
77,2.320,0.0439,0.2667
78,2.354,0.0468,0.2785
79,2.399,0.0476,0.2916
80,2.439,0.0435,0.2753
81,2.439,0.0413,0.2447
82,2.489,0.0482,0.2713
83,2.369,0.0432,0.2652
84,2.385,0.0442,0.2854
85,2.438,0.0478,0.3066
86,2.421,0.0511,0.3237
87,2.400,0.0459,0.2800
88,2.450,0.0427,0.2558
89,2.390,0.0450,0.2621
90,2.392,0.0457,0.2809
91,2.472,0.0432,0.2713
92,2.352,0.0479,0.2847
93,2.386,0.0460,0.2948
94,2.388,0.0416,0.2756
95,2.443,0.0431,0.2610
96,2.447,0.0594,0.3624
97,2.395,0.0470,0.2953
98,2.435,0.0440,0.2723
99,2.440,0.0511,0.3154
100,2.365,0.0520,0.3096
101,2.338,0.0498,0.2977
102,2.391,0.0461,0.2926
103,2.456,0.0464,0.2787
104,2.607,0.0515,0.3218
105,2.411,0.0480,0.2925
106,2.360,0.0512,0.3149
107,2.418,0.0419,0.2564
108,2.384,0.0405,0.2455
109,2.413,0.0464,0.2688
110,2.369,0.0452,0.2828
111,2.396,0.0458,0.2629
112,2.430,0.0447,0.2703
113,2.414,0.0475,0.2966
114,2.355,0.0435,0.2761
115,2.406,0.0520,0.3204
116,2.475,0.0431,0.2709
117,2.404,0.0439,0.2894
118,2.409,0.0477,0.2818
119,2.422,0.0518,0.3096
120,2.454,0.0474,0.2844
121,2.415,0.0488,0.3255
122,2.401,0.0452,0.2844
123,2.437,0.0437,0.2615
124,2.400,0.0447,0.2880
125,2.404,0.0480,0.2982
126,2.445,0.0466,0.2983
127,2.405,0.0476,0.2966
128,2.543,0.0426,0.2407
129,2.375,0.0476,0.3012
130,2.411,0.0478,0.2933
131,2.432,0.0480,0.2870
132,2.420,0.0433,0.2609
133,2.420,0.0423,0.2757
134,2.469,0.0457,0.3020
135,2.483,0.0540,0.3198
136,2.430,0.0465,0.2943
137,2.396,0.0441,0.2775
138,2.410,0.0477,0.2937
139,2.426,0.0463,0.2854
140,2.389,0.0452,0.2753
141,2.426,0.0468,0.3059
142,2.484,0.0418,0.2650
143,2.402,0.0441,0.2925
144,2.394,0.0485,0.3028
145,2.372,0.0489,0.2972
146,2.362,0.0476,0.2713
147,2.444,0.0447,0.2821
148,2.435,0.0509,0.3177
149,2.498,0.0434,0.2697
150,2.397,0.0481,0.2995
151,2.479,0.0449,0.2828
152,2.454,0.0442,0.2773
153,2.357,0.0435,0.2864
154,2.342,0.0385,0.2384
155,2.412,0.0463,0.3059
156,2.411,0.0485,0.2924
157,2.424,0.0456,0.2874
158,2.409,0.0509,0.3121
159,2.420,0.0423,0.2774
160,2.435,0.0463,0.2854
161,2.396,0.0436,0.2674
162,2.415,0.0482,0.3034
163,2.435,0.0436,0.2717
164,2.397,0.0510,0.3086
165,2.387,0.0411,0.2431
166,2.408,0.0434,0.2701
167,2.458,0.0505,0.3129
168,2.423,0.0489,0.3018
169,2.410,0.0457,0.2779
170,2.386,0.0419,0.2632
171,2.473,0.0457,0.2892
172,2.464,0.0482,0.3066
173,2.416,0.0485,0.2890
174,2.351,0.0445,0.2799
175,2.401,0.0465,0.2740
176,2.460,0.0512,0.3089
177,2.483,0.0484,0.2966
178,2.404,0.0496,0.3070
179,2.411,0.0508,0.3073
180,2.450,0.0443,0.2818
181,2.454,0.0449,0.2683
182,2.365,0.0490,0.2948
183,2.378,0.0447,0.2670
184,2.399,0.0434,0.2586
185,2.406,0.0439,0.2763
186,2.391,0.0490,0.2959
187,2.372,0.0460,0.2914
188,2.418,0.0429,0.2454
189,2.372,0.0438,0.2667
190,2.391,0.0440,0.2677
191,2.380,0.0478,0.2883
192,2.369,0.0536,0.3302
193,2.405,0.0436,0.2725
194,2.406,0.0432,0.2850
195,2.348,0.0433,0.2775
196,2.413,0.0470,0.2938
197,2.405,0.0428,0.2697
198,2.401,0.0529,0.3108
199,2.431,0.0511,0.3167
200,2.411,0.0419,0.2700
201,2.433,0.0413,0.2628
202,2.355,0.0449,0.2913
203,2.465,0.0442,0.2706
204,2.347,0.0436,0.2703
205,2.356,0.0432,0.2800
206,2.402,0.0457,0.2850
207,2.412,0.0455,0.2817
208,2.471,0.0494,0.3016
209,2.412,0.0562,0.3249
210,2.441,0.0508,0.3089
211,2.428,0.0537,0.3161
212,2.341,0.0451,0.2710
213,2.338,0.0529,0.3131
214,2.416,0.0490,0.2919
215,2.427,0.0467,0.2877
216,2.434,0.0436,0.2489
217,2.453,0.0402,0.2489
218,2.374,0.0402,0.2591
219,2.409,0.0454,0.2876
220,2.390,0.0453,0.2774
221,2.383,0.0459,0.2920
222,2.423,0.0406,0.2539
223,2.437,0.0473,0.2929
224,2.364,0.0515,0.3131
225,2.414,0.0480,0.2874
226,2.493,0.0533,0.3079
227,2.422,0.0495,0.3213
228,2.358,0.0446,0.2897
229,2.431,0.0428,0.2673
230,2.419,0.0391,0.2471
231,2.405,0.0445,0.3014
232,2.346,0.0410,0.2830
233,2.353,0.0449,0.2834
234,2.463,0.0451,0.2838
235,2.368,0.0444,0.2664
236,2.448,0.0484,0.2941
237,2.381,0.0454,0.2841
238,2.408,0.0438,0.2679
239,2.480,0.0419,0.2710
240,2.436,0.0467,0.2892
241,2.332,0.0434,0.2566
242,2.441,0.0384,0.2579
243,2.425,0.0496,0.3099
244,2.503,0.0411,0.2681
245,2.351,0.0445,0.2823
246,2.412,0.0491,0.2928
247,2.403,0.0484,0.2776
248,2.412,0.0490,0.3020
249,2.419,0.0476,0.2905
250,2.353,0.0495,0.2897
251,2.396,0.0413,0.2689
252,2.417,0.0464,0.2864
253,2.448,0.0471,0.2890
254,2.412,0.0563,0.3295
255,2.374,0.0463,0.2886
256,2.336,0.0429,0.2698
257,2.467,0.0492,0.3211
258,2.437,0.0405,0.2477
259,2.385,0.0474,0.2895
260,2.401,0.0453,0.2926
261,2.406,0.0486,0.3089
262,2.475,0.0481,0.2896
263,2.461,0.0532,0.3303
264,2.461,0.0508,0.2966
265,2.428,0.0409,0.2441
266,2.395,0.0388,0.2555
267,2.370,0.0483,0.3224
268,2.370,0.0531,0.3176
269,2.396,0.0480,0.2760
270,2.406,0.0452,0.2798
271,2.415,0.0521,0.3164
272,2.415,0.0519,0.3195
273,2.352,0.0450,0.2598
274,2.351,0.0527,0.3115
275,2.416,0.0502,0.2857
276,2.441,0.0465,0.2784
277,2.401,0.0447,0.2559
278,2.413,0.0481,0.2813
279,2.387,0.0500,0.3079
280,2.401,0.0483,0.3086
281,2.406,0.0422,0.2804
282,2.361,0.0445,0.2779
283,2.450,0.0494,0.3007
284,2.379,0.0540,0.3178
285,2.411,0.0435,0.2500
286,2.451,0.0434,0.2658
287,2.409,0.0515,0.3066
288,2.418,0.0582,0.3357
289,2.366,0.0443,0.2601
290,2.421,0.0483,0.3038
291,2.399,0.0453,0.2789
292,2.385,0.0467,0.3041
293,2.468,0.0499,0.2931
294,2.388,0.0446,0.2776
295,2.371,0.0484,0.2905
296,2.419,0.0492,0.3050
297,2.399,0.0468,0.2998
298,2.389,0.0476,0.2975
299,2.411,0.0424,0.2713
300,2.439,0.0471,0.3089
301,2.421,0.0433,0.2880
302,2.418,0.0482,0.2903
303,2.369,0.0401,0.2535
304,2.358,0.0459,0.2906
305,2.394,0.0480,0.2857
306,2.460,0.0475,0.2848
307,2.448,0.0435,0.2876
308,2.406,0.0442,0.2758
309,2.478,0.0465,0.2949
310,2.402,0.0470,0.2900
311,2.368,0.0513,0.3264
312,2.453,0.0460,0.2674
313,2.430,0.0411,0.2746
314,2.461,0.0451,0.2851
315,2.417,0.0510,0.3050
316,2.430,0.0408,0.2489
317,2.456,0.0500,0.3158
318,2.381,0.0474,0.2906
319,2.421,0.0525,0.3115
320,2.429,0.0418,0.2455
321,2.394,0.0469,0.2913
322,2.377,0.0405,0.2517
323,2.455,0.0448,0.2841
324,2.370,0.0441,0.2706
325,2.377,0.0396,0.2552
326,2.330,0.0471,0.2787
327,2.372,0.0439,0.2700
328,2.453,0.0506,0.3073
329,2.490,0.0528,0.3103
330,2.412,0.0482,0.3073
331,2.446,0.0428,0.2558
332,2.431,0.0452,0.2834
333,2.423,0.0494,0.3212
334,2.431,0.0443,0.2679
335,2.417,0.0510,0.3029
336,2.353,0.0467,0.2571
337,2.327,0.0496,0.3053
338,2.444,0.0440,0.2661
339,2.383,0.0488,0.2956
340,2.438,0.0436,0.2809
341,2.469,0.0442,0.2682
342,2.384,0.0352,0.2202
343,2.451,0.0513,0.3144
344,2.469,0.0477,0.2857
345,2.359,0.0448,0.2629
346,2.462,0.0459,0.2978
347,2.397,0.0435,0.2805
348,2.440,0.0413,0.2545
349,2.422,0.0488,0.2812
350,2.415,0.0476,0.2788
351,2.324,0.0444,0.2665
352,2.451,0.0461,0.2890
353,2.358,0.0421,0.2719
354,2.394,0.0491,0.3089
355,2.468,0.0474,0.3028
356,2.407,0.0476,0.2956
357,2.448,0.0473,0.2719
358,2.427,0.0473,0.2887
359,2.507,0.0458,0.2936
360,2.432,0.0464,0.2828
361,2.426,0.0381,0.2330
362,2.393,0.0471,0.3062
363,2.447,0.0483,0.2962
364,2.442,0.0456,0.2784
365,2.506,0.0452,0.3021
366,2.492,0.0473,0.2979
367,2.470,0.0411,0.2527
368,2.587,0.0475,0.2890
369,2.431,0.0482,0.2966
370,2.529,0.0495,0.3154
371,2.446,0.0383,0.2461
372,2.381,0.0491,0.2949
373,2.455,0.0463,0.2821
374,2.303,0.0454,0.2742
375,2.464,0.0438,0.2610
376,2.372,0.0377,0.2290
377,2.421,0.0458,0.2958
378,2.466,0.0515,0.3111
379,2.357,0.0512,0.3341
380,2.424,0.0421,0.2449
381,2.532,0.0399,0.2418
382,2.433,0.0537,0.3213
383,2.468,0.0456,0.2703
384,2.384,0.0407,0.2685
385,2.404,0.0411,0.2867
386,2.413,0.0488,0.2867
387,2.420,0.0473,0.2952
388,2.446,0.0408,0.2598
389,2.421,0.0435,0.2851
390,2.428,0.0448,0.2621
391,2.421,0.0456,0.2798
392,2.430,0.0469,0.2880
393,2.381,0.0436,0.2713
394,2.443,0.0478,0.2883
395,2.371,0.0423,0.2580
396,2.386,0.0518,0.3084
397,2.464,0.0456,0.2971
398,2.478,0.0472,0.2798
399,2.383,0.0515,0.3165
400,2.436,0.0504,0.3135
401,2.486,0.0431,0.2578
402,2.426,0.0484,0.2896
403,2.459,0.0469,0.2905
404,2.416,0.0427,0.2746
405,2.401,0.0492,0.3146
406,2.457,0.0484,0.3039
407,2.401,0.0448,0.2938
408,2.414,0.0519,0.3159
409,2.389,0.0538,0.3326
410,2.374,0.0416,0.2568
411,2.425,0.0444,0.2759
412,2.420,0.0489,0.2945
413,2.429,0.0459,0.2713
414,2.381,0.0455,0.3004
415,2.410,0.0526,0.3265
416,2.403,0.0492,0.3060
417,2.420,0.0432,0.2797
418,2.482,0.0463,0.2811
419,2.431,0.0423,0.2632
420,2.394,0.0488,0.3178
421,2.379,0.0432,0.2600
422,2.412,0.0539,0.3232
423,2.367,0.0445,0.2805
424,2.459,0.0509,0.3180
425,2.399,0.0485,0.3009
426,2.379,0.0493,0.3051
427,2.450,0.0426,0.2650
428,2.389,0.0516,0.2973
429,2.456,0.0408,0.2763
430,2.466,0.0482,0.2795
431,2.451,0.0396,0.2385
432,2.393,0.0480,0.2955
433,2.401,0.0440,0.2738
434,2.452,0.0410,0.2553
435,2.397,0.0447,0.2803
436,2.333,0.0473,0.3047
437,2.425,0.0456,0.2860
438,2.356,0.0454,0.2779
439,2.357,0.0513,0.3007
440,2.394,0.0455,0.2803
441,2.420,0.0455,0.2770
442,2.359,0.0470,0.2921
443,2.421,0.0487,0.2882
444,2.325,0.0482,0.2991
445,2.396,0.0433,0.2652
446,2.447,0.0470,0.2825
447,2.366,0.0438,0.2721
448,2.419,0.0439,0.2723
449,2.355,0.0503,0.3285
450,2.441,0.0466,0.2928
451,2.382,0.0504,0.2944
452,2.445,0.0482,0.3054
453,2.390,0.0435,0.2654
454,2.397,0.0429,0.2686
455,2.422,0.0507,0.3100
456,2.454,0.0468,0.2798
457,2.443,0.0448,0.2965
458,2.424,0.0473,0.2780
459,2.417,0.0527,0.3288
460,2.467,0.0394,0.2358
461,2.576,0.0549,0.3404
462,2.512,0.0514,0.3129
463,2.446,0.0488,0.3009
464,2.423,0.0444,0.2587
465,2.369,0.0466,0.2989
466,2.399,0.0495,0.2850
467,2.437,0.0476,0.2883
468,2.410,0.0457,0.2959
469,2.430,0.0438,0.2903
470,2.375,0.0473,0.2900
471,2.398,0.0494,0.2944
472,2.425,0.0476,0.2993
473,2.401,0.0406,0.2494
474,2.416,0.0478,0.2758
475,2.435,0.0385,0.2356
476,2.400,0.0477,0.2952
477,2.447,0.0505,0.3034
478,2.360,0.0505,0.3082
479,2.398,0.0439,0.2857
480,2.434,0.0412,0.2645
481,2.428,0.0481,0.3138
482,2.397,0.0455,0.2860
483,2.350,0.0474,0.3012
484,2.422,0.0471,0.2848
485,2.460,0.0461,0.2819
486,2.430,0.0507,0.3126
487,2.431,0.0450,0.2706
488,2.452,0.0532,0.3219
489,2.466,0.0416,0.2622
490,2.407,0.0399,0.2512
491,2.413,0.0458,0.2789
492,2.432,0.0456,0.2806
493,2.375,0.0436,0.2746
494,2.424,0.0451,0.2775
495,2.404,0.0411,0.2667
496,2.442,0.0456,0.3025
497,2.396,0.0422,0.2885
498,2.445,0.0516,0.3057
499,2.329,0.0431,0.2751
500,2.399,0.0493,0.2944
501,2.436,0.0405,0.2625
502,2.416,0.0495,0.3014
503,2.401,0.0445,0.2793
504,2.464,0.0573,0.3272
505,2.430,0.0496,0.3080
506,2.446,0.0524,0.3098
507,2.460,0.0411,0.2710
508,2.424,0.0428,0.2838
509,2.425,0.0536,0.3189
510,2.450,0.0476,0.3057
511,2.457,0.0427,0.2667
512,2.407,0.0448,0.2706
513,2.386,0.0395,0.2562
514,2.397,0.0518,0.3032
515,2.437,0.0533,0.3056
516,2.407,0.0425,0.2715
517,2.379,0.0502,0.3023
518,2.474,0.0466,0.2924
519,2.407,0.0372,0.2459
520,2.340,0.0464,0.2790
521,2.427,0.0431,0.2815
522,2.393,0.0445,0.2683
523,2.434,0.0417,0.2443
524,2.394,0.0539,0.3404
525,2.375,0.0474,0.2821
526,2.348,0.0422,0.2759
527,2.377,0.0481,0.3056
528,2.417,0.0479,0.3064
529,2.400,0.0423,0.2757
530,2.348,0.0478,0.2920
531,2.446,0.0491,0.3057
532,2.437,0.0462,0.2785
533,2.432,0.0467,0.2759
534,2.421,0.0441,0.2762
535,2.367,0.0512,0.3096
536,2.403,0.0486,0.3034
537,2.411,0.0455,0.2988
538,2.393,0.0437,0.2575
539,2.409,0.0544,0.3059
540,2.338,0.0466,0.3037
541,2.481,0.0438,0.2721
542,2.497,0.0454,0.2851
543,2.359,0.0519,0.3341
544,2.395,0.0446,0.2809
545,2.345,0.0415,0.2517
546,2.426,0.0393,0.2578
547,2.368,0.0558,0.3082
548,2.383,0.0498,0.2952
549,2.441,0.0515,0.3295
550,2.418,0.0504,0.2998
551,2.418,0.0456,0.2729
552,2.395,0.0480,0.3096
553,2.393,0.0436,0.2575
554,2.333,0.0461,0.2738
555,2.534,0.0429,0.2634
556,2.438,0.0472,0.2982
557,2.332,0.0471,0.2943
558,2.380,0.0444,0.2692
559,2.356,0.0438,0.2742
560,2.435,0.0427,0.2683
561,2.411,0.0455,0.2793
562,2.344,0.0458,0.2782
563,2.451,0.0483,0.2857
564,2.386,0.0484,0.2929
565,2.400,0.0504,0.2905
566,2.460,0.0479,0.3053
567,2.468,0.0439,0.2758
568,2.420,0.0539,0.3349
569,2.425,0.0483,0.3011
570,2.386,0.0523,0.3371
571,2.469,0.0407,0.2540
572,2.408,0.0553,0.3372
573,2.352,0.0418,0.2657
574,2.325,0.0431,0.2547
575,2.398,0.0433,0.2605
576,2.356,0.0406,0.2676
577,2.406,0.0498,0.3025
578,2.432,0.0508,0.3056
579,2.448,0.0427,0.2847
580,2.434,0.0444,0.2575
581,2.389,0.0472,0.2989
582,2.413,0.0485,0.3043
583,2.352,0.0494,0.2929
584,2.340,0.0479,0.3011
585,2.445,0.0533,0.3256
586,2.435,0.0443,0.2699
587,2.401,0.0504,0.3310
588,2.422,0.0480,0.2972
589,2.394,0.0409,0.2482
590,2.370,0.0398,0.2545
591,2.403,0.0467,0.2681
592,2.358,0.0452,0.2900
593,2.396,0.0508,0.3099
594,2.445,0.0474,0.2969
595,2.396,0.0411,0.2558
596,2.315,0.0462,0.2814
597,2.414,0.0409,0.2621
598,2.320,0.0501,0.3057
599,2.447,0.0426,0.2697
600,2.436,0.0511,0.3255
601,2.423,0.0417,0.2695
602,2.393,0.0471,0.2991
603,2.452,0.0402,0.2568
604,2.311,0.0488,0.2897
605,2.436,0.0411,0.2533
606,2.727,0.0461,0.2831
607,2.843,0.0516,0.3264
608,2.789,0.0510,0.3075
609,2.599,0.0461,0.2752
610,3.057,0.0422,0.2689
611,3.146,0.0514,0.3072
612,2.783,0.0477,0.3100
613,2.845,0.0408,0.2715
614,2.841,0.0503,0.3163
615,2.651,0.0434,0.2529
616,2.800,0.0406,0.2472
617,2.586,0.0445,0.2676
618,2.764,0.0444,0.2759
619,2.683,0.0400,0.2569
620,2.633,0.0480,0.2913
621,2.855,0.0458,0.3070
622,2.583,0.0442,0.2719
623,2.526,0.0481,0.2978
624,2.496,0.0413,0.2582
625,2.527,0.0494,0.3028
626,2.682,0.0471,0.2788
627,2.478,0.0450,0.2898
628,2.412,0.0457,0.2871
629,2.467,0.0401,0.2603
630,2.477,0.0502,0.3153
631,2.362,0.0514,0.3124
632,2.427,0.0463,0.2818
633,2.468,0.0448,0.2687
634,2.380,0.0418,0.2659
635,2.426,0.0405,0.2638
636,2.345,0.0464,0.2828
637,2.460,0.0448,0.2798
638,2.423,0.0455,0.2905
639,2.389,0.0534,0.3126
640,2.443,0.0478,0.2864
641,2.395,0.0483,0.2874
642,2.323,0.0470,0.2864
643,2.360,0.0451,0.2717
644,2.350,0.0456,0.2857
645,2.465,0.0512,0.3107
646,2.367,0.0472,0.2652
647,2.430,0.0578,0.3303
648,2.444,0.0514,0.3199
649,2.424,0.0440,0.2944
650,2.472,0.0478,0.2683
651,2.422,0.0438,0.2803
652,2.449,0.0460,0.2867
653,2.483,0.0414,0.2523
654,2.433,0.0511,0.3080
655,2.422,0.0495,0.3065
656,2.454,0.0481,0.2980
657,2.326,0.0503,0.3129
658,2.402,0.0489,0.3065
659,2.402,0.0427,0.2774
660,2.418,0.0478,0.2876
661,2.474,0.0509,0.3190
662,2.438,0.0420,0.2449
663,2.445,0.0501,0.3018
664,2.388,0.0470,0.2667
665,2.400,0.0512,0.3182
666,2.388,0.0461,0.2889
667,2.415,0.0425,0.2674
668,2.380,0.0541,0.3100
669,2.478,0.0403,0.2517
670,2.437,0.0441,0.2851
671,2.386,0.0408,0.2696
672,2.461,0.0489,0.2904
673,2.347,0.0437,0.2912
674,2.427,0.0493,0.3122
675,2.358,0.0498,0.2941
676,2.436,0.0475,0.2870
677,2.356,0.0496,0.2982
678,2.405,0.0432,0.2642
679,2.441,0.0511,0.3278
680,2.397,0.0491,0.2920
681,2.424,0.0455,0.2900
682,2.346,0.0517,0.3162
683,2.368,0.0443,0.2700
684,2.493,0.0516,0.2989
685,2.373,0.0503,0.3208
686,2.485,0.0485,0.2952
687,2.383,0.0462,0.2972
688,2.465,0.0400,0.2582
689,2.435,0.0496,0.2961
690,2.333,0.0541,0.3198
691,2.420,0.0511,0.3025
692,2.456,0.0471,0.2937
693,2.425,0.0407,0.2619
694,2.390,0.0449,0.2768
695,2.449,0.0484,0.3057
696,2.458,0.0471,0.2952
697,2.403,0.0452,0.2803
698,2.437,0.0472,0.3033
699,2.420,0.0452,0.2795
700,2.438,0.0424,0.2661
701,2.340,0.0408,0.2614
702,2.356,0.0459,0.2821
703,2.378,0.0470,0.2857
704,2.360,0.0518,0.3126
705,2.441,0.0477,0.2921
706,2.437,0.0440,0.2811
707,2.420,0.0443,0.2945
708,2.367,0.0495,0.3103
709,2.354,0.0454,0.2831
710,2.409,0.0477,0.2926
711,2.424,0.0494,0.2982
712,2.368,0.0408,0.2482
713,2.397,0.0472,0.2687
714,2.416,0.0481,0.3066
715,2.403,0.0429,0.2606
716,2.503,0.0456,0.2851
717,2.485,0.0461,0.2735
718,2.360,0.0428,0.2708
719,2.419,0.0509,0.3154
720,2.424,0.0503,0.3134
721,2.359,0.0489,0.2936
722,2.417,0.0486,0.2970
723,2.449,0.0489,0.2900
724,2.611,0.0451,0.2953
725,2.477,0.0410,0.2535
726,2.420,0.0455,0.2793
727,2.542,0.0499,0.2984
728,3.043,0.0370,0.2530
729,2.868,0.0462,0.2814
730,2.876,0.0526,0.3149
731,3.028,0.0484,0.2754
732,2.882,0.0479,0.2873
733,2.945,0.0468,0.2920
734,2.846,0.0488,0.3018
735,2.779,0.0445,0.2670
736,2.705,0.0460,0.3072
737,2.605,0.0529,0.3279
738,2.853,0.0429,0.2650
739,2.649,0.0454,0.2642
740,2.517,0.0521,0.3072
741,2.570,0.0438,0.2697
742,2.867,0.0485,0.3059
743,2.613,0.0472,0.2815
744,2.530,0.0448,0.2734
745,2.463,0.0514,0.3043
746,2.601,0.0467,0.2966
747,2.570,0.0494,0.3141
748,4.320,0.0426,0.2620
749,2.756,0.0492,0.2854
750,2.411,0.0538,0.3257
751,3.241,0.0459,0.2731
752,2.416,0.0438,0.2770
753,2.459,0.0456,0.2754
754,2.566,0.0366,0.2329
755,2.535,0.0563,0.3479
756,2.499,0.0553,0.3381
757,2.482,0.0488,0.2916
758,2.446,0.0417,0.2544
759,2.424,0.0513,0.3031
760,2.420,0.0445,0.2736
761,2.384,0.0418,0.2770
762,2.409,0.0504,0.3221
763,2.411,0.0488,0.3063
764,2.408,0.0490,0.2936
765,2.429,0.0430,0.2880
766,2.410,0.0465,0.3005
767,2.387,0.0471,0.2967
768,2.386,0.0521,0.3341
769,2.404,0.0419,0.2616
770,2.493,0.0495,0.3002
771,2.367,0.0510,0.3098
772,2.422,0.0434,0.2776
773,2.449,0.0559,0.3319
774,2.397,0.0473,0.2648
775,2.453,0.0425,0.2573
776,2.415,0.0554,0.3433
777,2.394,0.0440,0.2626
778,2.395,0.0403,0.2477
779,2.471,0.0450,0.2867
780,2.416,0.0460,0.2952
781,2.388,0.0462,0.2736
782,2.355,0.0479,0.2935
783,2.339,0.0458,0.2706
784,2.443,0.0424,0.2727
785,2.432,0.0479,0.2909
786,2.437,0.0459,0.2851
787,2.393,0.0410,0.2437
788,2.388,0.0455,0.2787
789,2.365,0.0465,0.2950
790,2.374,0.0569,0.3364
791,2.364,0.0404,0.2369
792,2.509,0.0459,0.2819
793,2.402,0.0503,0.3287
794,2.411,0.0442,0.2896
795,2.419,0.0498,0.3018
796,2.352,0.0495,0.3018
797,2.424,0.0469,0.2881
798,2.400,0.0420,0.2489
799,2.431,0.0493,0.3260
800,2.418,0.0402,0.2523
801,2.479,0.0442,0.2764
802,2.409,0.0417,0.2604
803,2.413,0.0480,0.2998
804,2.383,0.0428,0.2676
805,2.403,0.0394,0.2500
806,2.456,0.0499,0.3034
807,2.428,0.0431,0.2629
808,2.385,0.0446,0.2943
809,2.487,0.0528,0.3256
810,2.391,0.0511,0.3151
811,2.445,0.0447,0.2910
812,2.358,0.0486,0.2864
813,2.459,0.0452,0.2844
814,2.452,0.0529,0.3172
815,2.335,0.0515,0.3096
816,2.411,0.0510,0.2961
817,2.452,0.0418,0.2622
818,2.463,0.0430,0.2691
819,2.386,0.0439,0.2733
820,2.413,0.0448,0.2693
821,2.432,0.0526,0.2998
822,2.384,0.0509,0.3126
823,2.419,0.0409,0.2617
824,2.414,0.0470,0.2850
825,2.417,0.0428,0.2776
826,2.431,0.0538,0.3295
827,2.416,0.0480,0.3048
828,2.421,0.0444,0.2707
829,2.409,0.0405,0.2593
830,2.415,0.0437,0.2765
831,2.446,0.0483,0.2831
832,2.406,0.0480,0.2929
833,2.406,0.0485,0.2943
834,2.402,0.0486,0.3115
835,2.409,0.0487,0.3063
836,2.421,0.0475,0.2974
837,2.388,0.0450,0.2745
838,2.456,0.0455,0.2906
839,2.365,0.0475,0.2972
840,2.377,0.0498,0.3041
841,2.401,0.0360,0.2385
842,2.398,0.0454,0.2697
843,2.702,0.0479,0.2984
844,2.428,0.0478,0.3103
845,2.453,0.0511,0.2925
846,2.472,0.0424,0.2677
847,2.319,0.0526,0.3158
848,2.437,0.0460,0.3005
849,2.387,0.0453,0.2594
850,2.450,0.0436,0.2657
851,2.422,0.0490,0.2960
852,2.445,0.0448,0.2794
853,2.403,0.0346,0.2299
854,2.382,0.0527,0.3265
855,2.358,0.0489,0.3129
856,2.490,0.0542,0.3203
857,2.449,0.0408,0.2648
858,2.422,0.0467,0.2785
859,2.573,0.0467,0.2940
860,2.414,0.0440,0.2587
861,2.357,0.0453,0.2774
862,2.447,0.0396,0.2659
863,2.384,0.0476,0.2949
864,2.450,0.0444,0.2876
865,2.429,0.0433,0.2617
866,2.371,0.0439,0.2811
867,2.424,0.0505,0.3005
868,2.404,0.0539,0.3079
869,2.367,0.0413,0.2582
870,2.418,0.0496,0.3005
871,2.395,0.0384,0.2407
872,2.378,0.0439,0.2680
873,2.405,0.0446,0.2706
874,2.411,0.0553,0.3178
875,2.416,0.0477,0.2890
876,2.417,0.0437,0.2819
877,2.386,0.0437,0.2630
878,2.389,0.0448,0.2805
879,2.355,0.0449,0.2765
880,2.402,0.0453,0.2928
881,2.459,0.0468,0.2835
882,2.422,0.0443,0.2635
883,2.376,0.0447,0.2646
884,2.392,0.0483,0.2787
885,2.347,0.0488,0.3052
886,2.420,0.0437,0.2834
887,2.471,0.0498,0.2829
888,2.429,0.0459,0.2811
889,2.368,0.0475,0.2955
890,2.414,0.0460,0.2960
891,2.341,0.0555,0.3208
892,2.351,0.0490,0.3007
893,2.363,0.0446,0.2668
894,2.398,0.0476,0.2917
895,2.452,0.0493,0.3025
896,2.443,0.0464,0.2770
897,2.431,0.0398,0.2483
898,2.391,0.0429,0.2763
899,2.372,0.0425,0.2810
900,2.433,0.0463,0.2819
901,2.404,0.0441,0.2761
902,2.423,0.0449,0.2707
903,2.450,0.0477,0.2809
904,2.438,0.0465,0.2908
905,2.402,0.0535,0.3206
906,2.477,0.0530,0.3310
907,2.433,0.0462,0.2607
908,2.425,0.0381,0.2202
909,2.346,0.0446,0.2653
910,2.429,0.0476,0.2979
911,2.404,0.0512,0.3086
912,2.349,0.0499,0.2832
913,2.464,0.0505,0.3221
914,2.462,0.0465,0.2834
915,2.435,0.0464,0.2910
916,2.377,0.0467,0.2974
917,2.419,0.0457,0.2883
918,2.398,0.0383,0.2353
919,2.415,0.0398,0.2265
920,2.376,0.0456,0.2864
921,2.433,0.0490,0.3018
922,2.450,0.0424,0.2544
923,2.400,0.0393,0.2629
924,2.404,0.0547,0.3349
925,2.414,0.0426,0.2585
926,2.377,0.0436,0.2667
927,2.371,0.0499,0.2959
928,2.421,0.0528,0.3122
929,2.366,0.0508,0.3349
930,2.418,0.0448,0.2901
931,2.375,0.0476,0.2864
932,2.359,0.0575,0.3401
933,2.421,0.0433,0.2813
934,2.398,0.0476,0.2883
935,2.487,0.0406,0.2727
936,2.440,0.0465,0.2928
937,2.464,0.0473,0.2876
938,2.363,0.0450,0.2960
939,2.367,0.0426,0.2759
940,2.397,0.0460,0.2943
941,2.346,0.0492,0.3044
942,2.362,0.0426,0.2706
943,2.409,0.0444,0.2793
944,2.410,0.0446,0.2810
945,2.360,0.0440,0.2850
946,2.444,0.0437,0.2754
947,2.444,0.0422,0.2706
948,2.446,0.0477,0.2883
949,2.419,0.0531,0.3115
950,2.359,0.0462,0.2877
951,2.375,0.0474,0.2959
952,2.356,0.0490,0.3221
953,2.423,0.0473,0.3007
954,2.420,0.0416,0.2593
955,2.376,0.0431,0.2598
956,2.445,0.0459,0.2788
957,2.463,0.0435,0.2711
958,2.372,0.0389,0.2329
959,2.420,0.0485,0.2980
960,2.437,0.0475,0.3032
961,2.371,0.0403,0.2615
962,2.361,0.0462,0.2913
963,2.470,0.0453,0.2864
964,2.380,0.0463,0.2834
965,2.409,0.0480,0.2933
966,2.420,0.0416,0.2662
967,2.355,0.0450,0.2867
968,2.384,0.0360,0.2207
969,2.435,0.0415,0.2780
970,2.394,0.0469,0.2944
971,2.416,0.0519,0.3061
972,2.371,0.0403,0.2692
973,2.465,0.0457,0.3065
974,2.452,0.0487,0.3195
975,2.443,0.0505,0.3002
976,2.445,0.0532,0.3295
977,2.464,0.0490,0.3115
978,2.422,0.0504,0.2924
979,2.416,0.0491,0.3146
980,2.416,0.0415,0.2731
981,2.474,0.0595,0.3394
982,2.356,0.0420,0.2466
983,2.363,0.0445,0.2721
984,2.382,0.0473,0.3042
985,2.352,0.0464,0.3041
986,2.377,0.0411,0.2650
987,2.411,0.0431,0.2654
988,2.394,0.0537,0.3103
989,2.329,0.0421,0.2623
990,2.411,0.0498,0.3005
991,2.414,0.0487,0.3059
992,2.485,0.0478,0.3027
993,2.435,0.0539,0.3063
994,2.436,0.0387,0.2534
995,2.387,0.0464,0.2935
996,2.409,0.0485,0.3043
997,2.401,0.0553,0.3208
998,2.431,0.0471,0.2890
999,2.465,0.0448,0.2811
1000,2.485,0.0391,0.2282
1001,2.366,0.0452,0.2777
1002,2.375,0.0523,0.3065
1003,2.356,0.0476,0.3090
1004,2.450,0.0434,0.2735
1005,2.440,0.0449,0.2788
1006,2.437,0.0476,0.2899
1007,2.454,0.0444,0.2892
1008,2.369,0.0427,0.2757
1009,2.407,0.0452,0.2693
1010,2.464,0.0521,0.3075
1011,2.395,0.0421,0.2612
1012,2.355,0.0434,0.2729
1013,2.417,0.0486,0.2702
1014,2.408,0.0436,0.2713
1015,2.500,0.0486,0.2815
1016,2.474,0.0507,0.3136
1017,2.389,0.0513,0.2906
1018,2.432,0.0463,0.2794
1019,2.482,0.0426,0.2782
1020,2.421,0.0453,0.2638
1021,2.463,0.0462,0.2752
1022,2.386,0.0448,0.2677
1023,2.437,0.0453,0.2825
1024,2.398,0.0453,0.2803
1025,2.386,0.0401,0.2512
1026,2.421,0.0435,0.2652
1027,2.430,0.0418,0.2540
1028,2.415,0.0412,0.2626
1029,2.381,0.0465,0.2788
1030,2.347,0.0502,0.3149
1031,2.468,0.0520,0.3226
1032,2.812,0.0419,0.2698
1033,2.849,0.0484,0.2880
1034,2.634,0.0453,0.2815
1035,2.508,0.0486,0.3052
1036,2.547,0.0467,0.2920
1037,2.521,0.0436,0.2736
1038,2.547,0.0483,0.3053
1039,2.655,0.0467,0.2897
1040,2.919,0.0482,0.2844
1041,2.775,0.0515,0.3175
1042,2.547,0.0446,0.2960
1043,2.502,0.0457,0.2744
1044,2.527,0.0418,0.2408
1045,2.609,0.0489,0.3025
1046,2.748,0.0452,0.2834
1047,2.500,0.0494,0.3103
1048,2.520,0.0480,0.3082
1049,2.502,0.0438,0.2748
1050,2.474,0.0551,0.3295
1051,2.488,0.0468,0.2696
1052,2.565,0.0450,0.2793
1053,2.445,0.0493,0.2990
1054,2.410,0.0456,0.2948
1055,2.541,0.0458,0.2883
1056,2.523,0.0838,0.3303
1057,2.868,0.0432,0.2830
1058,2.511,0.0528,0.3278
1059,2.573,0.0519,0.3206
1060,2.565,0.0431,0.2700
1061,2.630,0.0479,0.2740
1062,2.704,0.0487,0.3073
1063,2.430,0.0468,0.2955
1064,2.456,0.0390,0.2322
1065,2.584,0.0478,0.3005
1066,2.528,0.0518,0.3333
1067,2.420,0.0497,0.3126
1068,2.474,0.0483,0.3030
1069,2.435,0.0472,0.2979
1070,2.465,0.0436,0.2600
1071,2.396,0.0397,0.2548
1072,2.426,0.0450,0.2717
1073,2.433,0.0421,0.2674
1074,2.472,0.0427,0.2723
1075,2.402,0.0459,0.2956
1076,2.431,0.0466,0.2988
1077,2.405,0.0441,0.2759
1078,2.440,0.0469,0.2926
1079,2.424,0.0508,0.3113
1080,2.387,0.0487,0.3204
1081,2.399,0.0452,0.2500
1082,2.431,0.0396,0.2449
1083,2.385,0.0521,0.3271
1084,2.402,0.0438,0.2713
1085,2.494,0.0432,0.2685
1086,2.424,0.0464,0.2825
1087,2.451,0.0388,0.2460
1088,2.420,0.0366,0.2230
1089,2.434,0.0447,0.2877
1090,2.493,0.0423,0.2639
1091,2.402,0.0466,0.2906
1092,2.418,0.0470,0.3115
1093,2.448,0.0480,0.2984
1094,2.423,0.0533,0.3302
1095,2.426,0.0434,0.2572
1096,2.411,0.0468,0.2971
1097,2.327,0.0466,0.2860
1098,2.411,0.0428,0.2725
1099,2.685,0.0498,0.3248
1100,2.434,0.0495,0.2908
1101,2.463,0.0498,0.3017
1102,2.434,0.0433,0.2592
1103,2.435,0.0510,0.3175
1104,2.379,0.0449,0.2696
1105,2.422,0.0435,0.2654
1106,2.408,0.0491,0.2929
1107,2.351,0.0461,0.2857
1108,2.429,0.0446,0.2656
1109,2.385,0.0443,0.2801
1110,2.375,0.0444,0.2821
1111,2.393,0.0424,0.2844
1112,2.386,0.0478,0.2880
1113,2.396,0.0483,0.2838
1114,2.388,0.0465,0.2841
1115,2.461,0.0486,0.3057
1116,2.326,0.0429,0.2712
1117,2.394,0.0508,0.3043
1118,2.374,0.0518,0.3099
1119,2.418,0.0492,0.2931
1120,2.398,0.0406,0.2529
1121,2.425,0.0454,0.2811
1122,2.391,0.0389,0.2315
1123,2.377,0.0421,0.2664
1124,2.402,0.0440,0.2797
1125,2.445,0.0365,0.2350
1126,2.394,0.0454,0.2670
1127,2.456,0.0495,0.3072
1128,2.357,0.0443,0.2800
1129,2.444,0.0500,0.3065
1130,2.388,0.0472,0.2854
1131,2.378,0.0447,0.2776
1132,2.448,0.0431,0.2589
1133,2.449,0.0471,0.2693
1134,2.404,0.0464,0.2881
1135,2.458,0.0481,0.3036
1136,2.336,0.0447,0.2844
1137,2.424,0.0502,0.3020
1138,2.408,0.0453,0.2877
1139,2.384,0.0452,0.2731
1140,2.401,0.0480,0.2957
1141,2.423,0.0489,0.3056
1142,2.450,0.0409,0.2602
1143,2.402,0.0463,0.2690
1144,2.388,0.0442,0.2821
1145,2.424,0.0507,0.3103
1146,2.403,0.0383,0.2441
1147,2.406,0.0489,0.3052
1148,2.400,0.0456,0.2830
1149,2.378,0.0448,0.2793
1150,2.458,0.0484,0.3115
1151,2.416,0.0431,0.2664
1152,2.401,0.0536,0.3379
1153,2.439,0.0461,0.2913
1154,2.414,0.0384,0.2288
1155,2.430,0.0423,0.2506
1156,2.473,0.0456,0.2922
1157,2.422,0.0436,0.2535
1158,2.363,0.0443,0.2770
1159,2.426,0.0482,0.2940
1160,2.454,0.0513,0.3122
1161,2.417,0.0466,0.2967
1162,2.472,0.0455,0.2819
1163,2.453,0.0522,0.3089
1164,2.436,0.0483,0.2982
1165,2.426,0.0429,0.2613
1166,2.419,0.0500,0.3072
1167,2.464,0.0477,0.3099
1168,2.430,0.0439,0.2815
1169,2.454,0.0418,0.2592
1170,2.458,0.0456,0.2867
1171,2.369,0.0493,0.2902
1172,2.465,0.0430,0.2818
1173,2.474,0.0554,0.3213
1174,2.407,0.0511,0.3009
1175,2.476,0.0506,0.3210
1176,2.377,0.0496,0.2977
1177,2.430,0.0460,0.2794
1178,2.443,0.0515,0.3272
1179,2.357,0.0470,0.2883
1180,2.395,0.0554,0.3372
1181,2.472,0.0512,0.3093
1182,2.468,0.0442,0.2798
1183,2.444,0.0572,0.3333
1184,2.387,0.0483,0.2886
1185,2.416,0.0406,0.2731
1186,2.381,0.0451,0.2758
1187,2.483,0.0466,0.2986
1188,2.437,0.0470,0.3028
1189,2.477,0.0459,0.3011
1190,2.444,0.0470,0.3165
1191,2.382,0.0431,0.2788
1192,2.407,0.0545,0.3112
1193,2.405,0.0467,0.2850
1194,2.458,0.0528,0.3139
1195,2.396,0.0430,0.2661
1196,2.377,0.0451,0.2746
1197,2.364,0.0427,0.2494
1198,2.435,0.0451,0.2700
1199,2.410,0.0453,0.2775
1200,2.400,0.0496,0.3122
1201,2.403,0.0448,0.2825
1202,2.386,0.0486,0.3049
1203,2.424,0.0434,0.2793
1204,2.406,0.0489,0.2943
1205,2.380,0.0478,0.3042
1206,2.479,0.0468,0.2900
1207,2.474,0.0477,0.3070
1208,2.442,0.0479,0.3139
1209,2.383,0.0464,0.2811
1210,2.423,0.0418,0.2671
1211,2.385,0.0421,0.2729
1212,2.370,0.0504,0.2974
1213,2.429,0.0455,0.2841
1214,2.425,0.0476,0.2959
1215,2.447,0.0387,0.2483
1216,2.411,0.0490,0.3054
1217,2.375,0.0422,0.2723
1218,2.387,0.0488,0.3213
1219,2.417,0.0446,0.2819
1220,2.470,0.0510,0.3302
1221,2.415,0.0473,0.3068
1222,2.377,0.0437,0.2887
1223,2.426,0.0448,0.2787
1224,2.426,0.0496,0.3129
1225,2.430,0.0379,0.2397
1226,2.441,0.0392,0.2546
1227,2.432,0.0480,0.2989
1228,2.433,0.0408,0.2534
1229,2.469,0.0476,0.2829
1230,2.389,0.0486,0.3042
1231,2.380,0.0491,0.3030
1232,2.408,0.0510,0.3141
1233,2.446,0.0434,0.2673
1234,2.449,0.0483,0.3044
1235,2.358,0.0370,0.2459
1236,2.462,0.0489,0.2966
1237,2.386,0.0445,0.2817
1238,2.452,0.0458,0.2821
1239,2.504,0.0477,0.3239
1240,2.434,0.0437,0.2698
1241,2.393,0.0404,0.2616
1242,2.456,0.0475,0.2966
1243,2.446,0.0458,0.2980
1244,2.460,0.0443,0.2775
1245,2.336,0.0392,0.2440
1246,2.467,0.0486,0.3030
1247,2.344,0.0496,0.3035
1248,2.479,0.0493,0.2944
1249,2.457,0.0476,0.3105
1250,2.746,0.0419,0.2584
1251,2.405,0.0457,0.2837
1252,2.421,0.0423,0.2811
1253,2.434,0.0467,0.2649
1254,2.441,0.0489,0.2899
1255,2.460,0.0471,0.3034
1256,2.411,0.0424,0.2729
1257,2.387,0.0410,0.2488
1258,2.406,0.1222,0.3567
1259,2.441,0.0456,0.2913
1260,2.335,0.0404,0.2614
1261,2.484,0.0520,0.3295
1262,2.404,0.0434,0.2818
1263,2.432,0.0406,0.2694
1264,2.401,0.0400,0.2399
1265,2.387,0.0401,0.2570
1266,2.414,0.0482,0.2825
1267,2.386,0.0438,0.2686
1268,2.376,0.0450,0.2887
1269,2.432,0.0476,0.2989
1270,2.414,0.0556,0.3576
1271,2.432,0.0493,0.3009
1272,2.454,0.0438,0.2545
1273,2.404,0.0522,0.3356
1274,2.421,0.0407,0.2540
1275,2.412,0.0432,0.2748
1276,2.364,0.0476,0.2901
1277,2.443,0.0436,0.2627
1278,2.478,0.0481,0.3095
1279,2.408,0.0447,0.2603
1280,2.440,0.0369,0.2315
1281,2.474,0.0428,0.2641
1282,2.435,0.0431,0.2611
1283,2.430,0.0451,0.2900
1284,2.421,0.0449,0.2766
1285,2.402,0.0494,0.2950
1286,2.418,0.0447,0.2731
1287,2.513,0.0411,0.2442
1288,2.464,0.0494,0.2924
1289,2.384,0.0464,0.2867
1290,2.422,0.0413,0.2344
1291,2.423,0.0469,0.2911
1292,2.436,0.0466,0.2835
1293,2.338,0.0533,0.3438
1294,2.427,0.0519,0.3187
1295,2.384,0.0469,0.2933
1296,2.345,0.0472,0.2854
1297,2.308,0.0440,0.2646
1298,2.356,0.0440,0.2664
1299,2.524,0.0458,0.2910
1300,2.784,0.0424,0.2620
1301,2.746,0.0445,0.2763
1302,2.662,0.0443,0.2746
1303,2.623,0.0445,0.2766
1304,2.558,0.0430,0.2670
1305,2.613,0.0422,0.2776
1306,2.869,0.0525,0.3053
1307,2.790,0.0418,0.2641
1308,2.508,0.0431,0.2770
1309,2.570,0.0539,0.3236
1310,2.548,0.0407,0.2700
1311,2.493,0.0459,0.2745
1312,2.532,0.0467,0.2977
1313,2.466,0.0478,0.2952
1314,2.510,0.0439,0.2694
1315,2.656,0.0495,0.3042
1316,2.706,0.0510,0.3034
1317,2.561,0.0463,0.2860
1318,2.481,0.0415,0.2549
1319,2.462,0.0533,0.3279
1320,2.419,0.0460,0.3032
1321,2.548,0.0454,0.2854
1322,2.436,0.0488,0.3057
1323,2.402,0.0383,0.2373
1324,2.458,0.0453,0.2827
1325,2.406,0.0507,0.3208
1326,2.462,0.0502,0.3050
1327,2.424,0.0482,0.3071
1328,2.535,0.0501,0.3052
1329,2.592,0.0498,0.2964
1330,2.483,0.0526,0.3132
1331,2.458,0.0460,0.2921
1332,2.470,0.0470,0.2941
1333,2.658,0.0453,0.2953
1334,2.643,0.0478,0.2899
1335,2.570,0.0384,0.2438
1336,2.460,0.0441,0.2603
1337,2.465,0.0440,0.2658
1338,2.495,0.0479,0.2887
1339,2.454,0.0459,0.2635
1340,2.460,0.0474,0.2825
1341,2.560,0.0484,0.2945
1342,2.731,0.0519,0.3224
1343,2.561,0.0488,0.2879
1344,2.899,0.0490,0.2889
1345,2.871,0.0467,0.2894
1346,2.952,0.0431,0.2642
1347,2.808,0.0509,0.2993
1348,2.936,0.0531,0.3152
1349,2.895,0.0406,0.2437
1350,2.730,0.0403,0.2719
1351,2.723,0.0406,0.2411
1352,3.055,0.0396,0.2323
1353,2.848,0.0470,0.2821
1354,2.765,0.0443,0.2807
1355,3.108,0.0444,0.2623
1356,3.422,0.0532,0.3227
1357,2.650,0.0478,0.2803
1358,2.572,0.0421,0.2568
1359,2.588,0.0427,0.2683
1360,2.520,0.0401,0.2517
1361,2.568,0.0440,0.2675
1362,2.511,0.0478,0.2975
1363,2.560,0.0489,0.2847
1364,2.559,0.0442,0.2854
1365,2.588,0.0435,0.2881
1366,2.630,0.0444,0.2736
1367,2.913,0.0437,0.2655
1368,2.828,0.0439,0.2769
1369,2.579,0.0482,0.3099
1370,2.549,0.0459,0.2540
1371,2.475,0.0459,0.2758
1372,2.811,0.0432,0.2725
1373,2.493,0.0493,0.3149
1374,2.548,0.0442,0.2765
1375,2.576,0.0472,0.3028
1376,2.538,0.0483,0.3037
1377,2.528,0.0410,0.2534
1378,2.586,0.0483,0.2912
1379,2.586,0.0446,0.2646
1380,2.629,0.0451,0.2759
1381,2.650,0.0382,0.2436
1382,2.531,0.0521,0.3111
1383,2.499,0.0461,0.2830
1384,2.489,0.0476,0.2928
1385,2.466,0.0469,0.2847
1386,2.506,0.0424,0.2662
1387,2.446,0.0434,0.2629
1388,2.541,0.0447,0.2713
1389,2.525,0.0448,0.2854
1390,2.575,0.0498,0.3042
1391,2.520,0.0526,0.3294
1392,2.527,0.0428,0.2876
1393,2.542,0.0422,0.2623
1394,2.600,0.0437,0.2870
1395,2.608,0.0475,0.2851
1396,2.527,0.0455,0.2960
1397,2.560,0.0469,0.2794
1398,2.592,0.0542,0.3325
1399,2.587,0.0526,0.3183
1400,2.591,0.0424,0.2787
1401,2.716,0.0445,0.2690
1402,2.593,0.0451,0.2782
1403,2.679,0.0427,0.2500
1404,2.549,0.0450,0.2936
1405,2.574,0.0437,0.2769
1406,2.601,0.0460,0.2918
1407,2.646,0.0497,0.3013
1408,2.558,0.0514,0.3056
1409,2.627,0.0410,0.2572
1410,2.592,0.0469,0.2825
1411,2.641,0.0431,0.2642
1412,2.618,0.0403,0.2552
1413,2.596,0.0459,0.2854
1414,2.573,0.0454,0.2769
1415,2.649,0.0514,0.3277
1416,2.608,0.0511,0.3066
1417,2.565,0.0522,0.3176
1418,2.685,0.0513,0.3226
1419,2.547,0.0512,0.3208
1420,2.665,0.0431,0.2834
1421,2.519,0.0447,0.2894
1422,2.661,0.0487,0.3089
1423,2.545,0.0476,0.2867
1424,2.581,0.0473,0.3172
1425,2.546,0.0476,0.3077
1426,2.623,0.0447,0.2851
1427,2.582,0.0517,0.3004
1428,2.650,0.0455,0.2857
1429,2.601,0.0597,0.3605
1430,2.567,0.0487,0.3131
1431,2.744,0.0478,0.2912
1432,2.568,0.0428,0.2673
1433,2.466,0.0411,0.2518
1434,2.551,0.0415,0.2615
1435,2.572,0.0507,0.3138
1436,2.483,0.0408,0.2511
1437,2.568,0.0506,0.3086
1438,2.592,0.0500,0.3047
1439,2.587,0.0528,0.3240
1440,2.607,0.0427,0.2673
1441,2.485,0.0425,0.2552
1442,2.518,0.0425,0.2550
1443,2.467,0.0483,0.2926
1444,2.399,0.0461,0.2877
1445,2.417,0.0463,0.2881
1446,2.392,0.0432,0.2709
1447,2.468,0.0440,0.2664
1448,2.385,0.0507,0.3224
1449,2.435,0.0472,0.2988
1450,2.455,0.0456,0.2919
1451,2.397,0.0479,0.3080
1452,2.481,0.0483,0.2822
1453,2.367,0.0404,0.2472
1454,2.413,0.0453,0.2797
1455,2.363,0.0472,0.2909
1456,2.447,0.0438,0.2626
1457,2.451,0.0470,0.2775
1458,2.452,0.0455,0.2824
1459,2.442,0.0455,0.2876
1460,2.510,0.0481,0.2984
1461,2.441,0.0432,0.2703
1462,2.463,0.0414,0.2438
1463,2.404,0.0477,0.2950
1464,2.410,0.0465,0.2854
1465,2.378,0.0469,0.2867
1466,2.442,0.0433,0.2473
1467,2.385,0.0421,0.2670
1468,2.384,0.0513,0.3287
1469,2.418,0.0543,0.3333
1470,2.430,0.0395,0.2494
1471,2.444,0.0451,0.2787
1472,2.366,0.0485,0.3037
1473,2.393,0.0420,0.2568
1474,2.437,0.0462,0.2759
1475,2.361,0.0440,0.2945
1476,2.447,0.0409,0.2614
1477,2.404,0.0435,0.2489
1478,2.468,0.0413,0.2551
1479,2.449,0.0440,0.2664
1480,2.368,0.0493,0.3158
1481,2.428,0.0494,0.2920
1482,2.438,0.0391,0.2676
1483,2.369,0.0486,0.2998
1484,2.365,0.0501,0.2960
1485,2.325,0.0536,0.3105
1486,2.405,0.0426,0.2759
1487,2.342,0.0526,0.3357
1488,2.401,0.0470,0.2790
1489,2.383,0.0512,0.3114
1490,2.420,0.0476,0.2921
1491,2.443,0.0435,0.2787
1492,2.392,0.0480,0.2986
1493,2.428,0.0477,0.3030
1494,2.371,0.0431,0.2681
1495,2.360,0.0444,0.2917
1496,2.388,0.0510,0.3232
1497,2.404,0.0450,0.2883
1498,2.387,0.0495,0.2880
1499,2.325,0.0412,0.2615
1500,2.378,0.0429,0.2668
1501,2.394,0.0374,0.2380
1502,2.388,0.0446,0.2783
1503,2.400,0.0481,0.2851
1504,2.450,0.0532,0.3048
1505,2.441,0.0489,0.2715
1506,2.419,0.0449,0.2586
1507,2.382,0.0509,0.3111
1508,2.414,0.0473,0.2950
1509,2.378,0.0473,0.2877
1510,2.444,0.0502,0.3057
1511,2.430,0.0450,0.2647
1512,2.415,0.0486,0.3041
1513,2.398,0.0490,0.3118
1514,2.465,0.0477,0.2930
1515,2.433,0.0471,0.2931
1516,2.408,0.0494,0.2952
1517,2.424,0.0501,0.3044
1518,2.469,0.0484,0.3057
1519,2.338,0.0487,0.3112
1520,2.420,0.0421,0.2581
1521,2.424,0.0409,0.2533
1522,2.359,0.0431,0.2691
1523,2.448,0.0401,0.2540
1524,2.427,0.0547,0.3341
1525,2.422,0.0456,0.2742
1526,2.431,0.0412,0.2700
1527,2.452,0.0403,0.2604
1528,2.390,0.0442,0.2765
1529,2.391,0.0465,0.2795
1530,2.424,0.0442,0.2691
1531,2.367,0.0463,0.2877
1532,2.438,0.0438,0.2795
1533,2.426,0.0465,0.3057
1534,2.483,0.0467,0.3041
1535,2.455,0.0501,0.3333
1536,2.465,0.0455,0.2933
1537,2.433,0.0481,0.2943
1538,2.347,0.0505,0.3148
1539,2.350,0.0496,0.2951
1540,2.367,0.0383,0.2471
1541,2.443,0.0462,0.3031
1542,2.471,0.0431,0.2782
1543,2.386,0.0527,0.3080
1544,2.415,0.0430,0.2556
1545,2.380,0.0416,0.2488
1546,2.399,0.0490,0.2937
1547,2.466,0.0492,0.3122
1548,2.457,0.0482,0.3059
1549,2.407,0.0427,0.2763
1550,2.376,0.0523,0.3271
1551,2.468,0.0471,0.2903
1552,2.448,0.0538,0.3279
1553,2.397,0.0463,0.2949
1554,2.341,0.0452,0.2864
1555,2.426,0.0441,0.2667
1556,2.385,0.0516,0.3218
1557,2.353,0.0484,0.2927
1558,2.410,0.0441,0.2878
1559,2.454,0.0370,0.2506
1560,2.491,0.0446,0.2758
1561,2.424,0.0507,0.3023
1562,2.421,0.0475,0.2889
1563,2.461,0.0404,0.2535
1564,2.404,0.0533,0.3218
1565,2.431,0.0502,0.3048
1566,2.410,0.0464,0.2805
1567,2.461,0.0440,0.2697
1568,2.403,0.0512,0.2942
1569,2.357,0.0481,0.3044
1570,2.361,0.0459,0.2827
1571,2.404,0.0478,0.2744
1572,2.459,0.0437,0.2522
1573,2.418,0.0494,0.3037
1574,2.398,0.0454,0.2691
1575,2.413,0.0432,0.2653
1576,2.378,0.0378,0.2471
1577,2.408,0.0447,0.2688
1578,2.451,0.0530,0.3105
1579,2.414,0.0425,0.2704
1580,2.407,0.0455,0.2840
1581,2.367,0.0457,0.2650
1582,2.374,0.0430,0.2621
1583,2.376,0.0555,0.3333
1584,2.524,0.0402,0.2450
1585,2.471,0.0490,0.2883
1586,2.432,0.0395,0.2564
1587,2.468,0.0487,0.2918
1588,2.418,0.0463,0.2930
1589,2.387,0.0536,0.3258
1590,2.434,0.0441,0.2733
1591,2.399,0.0415,0.2690
1592,2.461,0.0479,0.2844
1593,2.421,0.0409,0.2742
1594,2.396,0.0424,0.2742
1595,2.454,0.0381,0.2477
1596,2.442,0.0462,0.2897
1597,2.457,0.0423,0.2595
1598,2.466,0.0518,0.3094
1599,2.436,0.0374,0.2352
1600,2.477,0.0499,0.3034
1601,2.429,0.0476,0.3030
1602,2.403,0.0490,0.2762
1603,2.388,0.0460,0.2818
1604,2.370,0.0417,0.2471
1605,2.368,0.0473,0.2976
1606,2.466,0.0401,0.2534
1607,2.428,0.0482,0.2819
1608,2.340,0.0474,0.2676
1609,2.415,0.0378,0.2377
1610,2.402,0.0488,0.2864
1611,2.404,0.0546,0.3356
1612,2.432,0.0456,0.2821
1613,2.424,0.0408,0.2653
1614,2.403,0.0493,0.2966
1615,2.357,0.0465,0.2785
1616,2.496,0.0430,0.2700
1617,2.401,0.0432,0.2715
1618,2.340,0.0490,0.2964
1619,2.424,0.0430,0.2818
1620,2.399,0.0452,0.2963
1621,2.463,0.0448,0.2815
1622,2.423,0.0456,0.2828
1623,2.418,0.0414,0.2586
1624,2.388,0.0512,0.3204
1625,2.387,0.0480,0.2966
1626,2.441,0.0461,0.3014
1627,2.471,0.0416,0.2589
1628,2.412,0.0405,0.2777
1629,2.408,0.0454,0.2692
1630,2.401,0.0448,0.2477
1631,2.454,0.0439,0.2784
1632,2.403,0.0493,0.2825
1633,2.440,0.0450,0.2661
1634,2.445,0.0451,0.2727
1635,2.365,0.0397,0.2506
1636,2.413,0.0529,0.3425
1637,2.379,0.0475,0.2890
1638,2.371,0.0420,0.2541
1639,2.418,0.0477,0.2860
1640,2.395,0.0470,0.2970
1641,2.467,0.0421,0.2744
1642,2.491,0.0439,0.2632
1643,2.411,0.0361,0.2300
1644,2.427,0.0514,0.3146
1645,2.450,0.0492,0.3029
1646,2.382,0.0509,0.3014
1647,2.389,0.0427,0.2670
1648,2.344,0.0443,0.2540
1649,2.491,0.0441,0.2694
1650,2.396,0.0512,0.2982
1651,2.420,0.0550,0.3379
1652,2.424,0.0539,0.3185
1653,2.397,0.0450,0.2751
1654,2.388,0.0547,0.3226
1655,2.432,0.0403,0.2597
1656,2.369,0.0452,0.2874
1657,2.446,0.0485,0.2780
1658,2.399,0.0478,0.2828
1659,2.436,0.0447,0.2715
1660,2.389,0.0450,0.2771
1661,2.418,0.0533,0.3261
1662,2.340,0.0497,0.3192
1663,2.486,0.0489,0.3105
1664,2.456,0.0489,0.2892
1665,2.333,0.0490,0.2966
1666,2.415,0.0475,0.2903
1667,2.363,0.0526,0.3278
1668,2.457,0.0428,0.2680
1669,2.404,0.0454,0.3035
1670,2.508,0.0457,0.2742
1671,2.462,0.0448,0.2673
1672,2.455,0.0479,0.3068
1673,2.407,0.0419,0.2448
1674,2.340,0.0425,0.2759
1675,2.438,0.0453,0.2857
1676,2.387,0.0509,0.3257
1677,2.394,0.0420,0.2844
1678,2.448,0.0493,0.3249
1679,2.427,0.0466,0.2995
1680,2.406,0.0427,0.2562
1681,2.409,0.0406,0.2478
1682,2.457,0.0485,0.2964
1683,2.316,0.0439,0.2792
1684,2.431,0.0470,0.2854
1685,2.364,0.0472,0.2877
1686,2.340,0.0491,0.2800
1687,2.441,0.0469,0.2713
1688,2.409,0.0538,0.3088
1689,2.469,0.0439,0.2787
1690,2.427,0.0443,0.2743
1691,2.426,0.0439,0.2683
1692,2.429,0.0491,0.2924
1693,2.430,0.0427,0.2586
1694,2.383,0.0505,0.3022
1695,2.431,0.0518,0.3190
1696,2.399,0.0411,0.2779
1697,2.440,0.0440,0.2671
1698,2.420,0.0487,0.2948
1699,2.432,0.0425,0.2841
1700,2.469,0.0409,0.2609
1701,2.542,0.0465,0.2723
1702,2.487,0.0481,0.2802
1703,2.455,0.0491,0.3025
1704,2.450,0.0530,0.3349
1705,2.644,0.0441,0.2807
1706,2.524,0.0484,0.3138
1707,2.548,0.0477,0.2788
1708,2.529,0.0482,0.2933
1709,2.515,0.0479,0.3098
1710,2.513,0.0427,0.2700
1711,2.452,0.0381,0.2500
1712,2.462,0.0475,0.3022
1713,2.405,0.0442,0.2673
1714,2.469,0.0464,0.2968
1715,2.466,0.0481,0.2970
1716,2.520,0.0470,0.2783
1717,2.492,0.0457,0.2782
1718,2.475,0.0413,0.2723
1719,2.433,0.0439,0.2854
1720,2.477,0.0552,0.3228
1721,2.503,0.0469,0.2876
1722,2.446,0.0456,0.2735
1723,2.513,0.0447,0.2883
1724,2.502,0.0494,0.2920
1725,2.461,0.0478,0.2956
1726,2.441,0.0477,0.2940
1727,2.500,0.0454,0.2944
1728,2.467,0.0423,0.2744
1729,2.485,0.0445,0.2759
1730,2.450,0.0463,0.2914
1731,2.525,0.0463,0.2860
1732,2.465,0.0494,0.3030
1733,2.484,0.0518,0.3311
1734,2.444,0.0448,0.2719
1735,2.468,0.0420,0.2541
1736,2.525,0.0485,0.3117
1737,2.464,0.0383,0.2541
1738,2.469,0.0484,0.2974
1739,2.497,0.0420,0.2580
1740,2.488,0.0492,0.3200
1741,2.446,0.0457,0.2799
1742,2.504,0.0475,0.2980
1743,2.480,0.0532,0.3117
1744,2.400,0.0465,0.2765
1745,2.407,0.0466,0.2863
1746,2.438,0.0417,0.2604
1747,2.381,0.0396,0.2623
1748,2.436,0.0438,0.2818
1749,2.388,0.0472,0.3014
1750,2.381,0.0396,0.2664
1751,2.378,0.0492,0.2934
1752,2.436,0.0415,0.2568
1753,2.469,0.0431,0.2719
1754,2.461,0.0472,0.2910
1755,2.398,0.0435,0.2640
1756,2.426,0.0438,0.2539
1757,2.385,0.0458,0.2959
1758,2.424,0.0444,0.2667
1759,2.458,0.0409,0.2404
1760,2.366,0.0467,0.2860
1761,2.404,0.0456,0.2844
1762,2.426,0.0443,0.2948
1763,2.396,0.0480,0.2860
1764,2.414,0.0495,0.3014
1765,2.486,0.0496,0.2937
1766,2.354,0.0430,0.2644
1767,2.470,0.0441,0.2899
1768,2.426,0.0444,0.2780
1769,2.521,0.0464,0.2823
1770,2.435,0.0441,0.2756
1771,2.372,0.0456,0.2738
1772,2.490,0.0488,0.3013
1773,2.450,0.0478,0.2921
1774,2.473,0.0469,0.2943
1775,2.402,0.0465,0.3005
1776,2.412,0.0467,0.2991
1777,2.400,0.0493,0.2867
1778,2.434,0.0481,0.2968
1779,2.479,0.0452,0.2902
1780,2.440,0.0472,0.2697
1781,2.452,0.0567,0.3539
1782,2.443,0.0457,0.2758
1783,2.348,0.0461,0.2757
1784,2.440,0.0435,0.2754
1785,2.399,0.0369,0.2276
1786,2.431,0.0484,0.3054
1787,2.417,0.0373,0.2477
1788,2.377,0.0493,0.3056
1789,2.401,0.0467,0.2951
1790,2.408,0.0431,0.2675
1791,2.386,0.0447,0.2797
1792,3.327,0.0470,0.2797
1793,2.401,0.0440,0.2700
1794,2.508,0.0494,0.3180
1795,2.442,0.0468,0.2774
1796,2.406,0.0486,0.2932
1797,2.437,0.0497,0.2929
1798,2.395,0.0454,0.2782
1799,2.520,0.0499,0.2950
1800,2.431,0.0507,0.2828
1801,2.387,0.0499,0.3041
1802,2.386,0.0472,0.3052
1803,2.380,0.0473,0.3031
1804,2.371,0.0628,0.3387
1805,2.381,0.0478,0.2828
1806,2.437,0.0498,0.2982
1807,2.430,0.0489,0.2905
1808,2.402,0.0488,0.2844
1809,2.410,0.0463,0.2857
1810,2.425,0.0468,0.2937
1811,2.487,0.0482,0.2995
1812,2.473,0.0453,0.2668
1813,2.407,0.0501,0.3232
1814,2.406,0.0459,0.2973
1815,2.483,0.0488,0.2912
1816,2.399,0.0409,0.2415
1817,2.496,0.0412,0.2576
1818,2.405,0.0415,0.2448
1819,2.867,0.0505,0.3318
1820,2.493,0.0481,0.3118
1821,2.665,0.0434,0.2748
1822,2.482,0.0459,0.2838
1823,2.438,0.0438,0.2857
1824,2.454,0.0494,0.2967
1825,2.420,0.0454,0.2900
1826,2.422,0.0470,0.2886
1827,2.503,0.0452,0.2943
1828,2.415,0.0495,0.3126
1829,2.405,0.0501,0.2998
1830,2.440,0.0500,0.3068
1831,2.483,0.0452,0.2689
1832,2.402,0.0473,0.2929
1833,2.354,0.0462,0.2788
1834,2.431,0.0458,0.2870
1835,2.435,0.0430,0.2652
1836,2.351,0.0489,0.2797
1837,2.401,0.0403,0.2494
1838,2.425,0.0447,0.2648
1839,2.413,0.0459,0.2864
1840,2.400,0.0435,0.2725
1841,2.374,0.0413,0.2646
1842,2.417,0.0464,0.2733
1843,2.417,0.0419,0.2763
1844,2.397,0.0479,0.3102
1845,2.341,0.0520,0.3066
1846,2.419,0.0508,0.2987
1847,2.372,0.0424,0.2437
1848,2.461,0.0444,0.2613
1849,2.387,0.0534,0.3410
1850,2.438,0.0450,0.2785
1851,2.452,0.0480,0.2883
1852,2.397,0.0496,0.3180
1853,2.394,0.0436,0.2887
1854,2.427,0.0441,0.2817
1855,2.470,0.0498,0.3029
1856,2.430,0.0442,0.2665
1857,2.416,0.0497,0.3271
1858,2.444,0.0506,0.3242
1859,2.369,0.0450,0.2638
1860,2.424,0.0429,0.2598
1861,2.413,0.0487,0.3103
1862,2.358,0.0456,0.2800
1863,2.419,0.0439,0.2664
1864,2.345,0.0488,0.2970
1865,2.580,0.0438,0.2656
1866,2.515,0.0464,0.3047
1867,2.494,0.0468,0.2953
1868,2.431,0.0534,0.3271
1869,2.397,0.0428,0.2731
1870,2.497,0.0506,0.3025
1871,2.414,0.0430,0.2800
1872,2.412,0.0446,0.2799
1873,2.411,0.0416,0.2700
1874,2.414,0.0420,0.2547
1875,4.321,0.0508,0.2989
1876,2.810,0.0477,0.2991
1877,2.653,0.0408,0.2600
1878,2.405,0.0552,0.3341
1879,2.472,0.0445,0.2713
1880,2.420,0.0434,0.2682
1881,2.404,0.0483,0.2927
1882,2.450,0.0523,0.2986
1883,2.415,0.0444,0.2811
1884,2.461,0.0454,0.2908
1885,2.428,0.0412,0.2706
1886,2.436,0.0416,0.2573
1887,2.420,0.0464,0.2746
1888,2.451,0.0506,0.3203
1889,2.406,0.0395,0.2442
1890,2.373,0.0363,0.2416
1891,2.464,0.0432,0.2770
1892,2.388,0.0447,0.2967
1893,2.724,0.0433,0.2606
1894,2.381,0.0434,0.2756
1895,2.464,0.0475,0.2736
1896,2.407,0.0511,0.3146
1897,2.442,0.0452,0.2698
1898,2.416,0.0526,0.3103
1899,2.455,0.0511,0.2805
1900,2.451,0.0461,0.2643
1901,2.419,0.0456,0.2661
1902,2.433,0.0512,0.3163
1903,2.483,0.0507,0.3004
1904,2.403,0.0454,0.2897
1905,2.449,0.0578,0.3370
1906,2.446,0.0430,0.2628
1907,2.342,0.0498,0.2959
1908,2.418,0.0489,0.2929
1909,2.420,0.0484,0.2943
1910,2.354,0.0490,0.2867
1911,2.388,0.0465,0.2800
1912,2.461,0.0511,0.3372
1913,2.429,0.0450,0.2627
1914,2.434,0.0427,0.2634
1915,2.433,0.0482,0.2913
1916,2.488,0.0514,0.3122
1917,2.443,0.0420,0.2740
1918,2.461,0.0456,0.2787
1919,2.483,0.0503,0.3126
1920,2.422,0.0557,0.3294
1921,2.680,0.0473,0.2811
1922,2.462,0.0477,0.2844
1923,2.373,0.0419,0.2643
1924,2.475,0.0526,0.3243
1925,2.484,0.0414,0.2522
1926,2.401,0.0462,0.2991
1927,2.470,0.0467,0.2873
1928,2.449,0.0441,0.2800
1929,2.415,0.0446,0.2854
1930,2.431,0.0489,0.3094
1931,2.435,0.0442,0.2854
1932,2.446,0.0431,0.2723
1933,2.394,0.0432,0.2847
1934,2.432,0.0499,0.2887
1935,2.421,0.0491,0.2998
1936,2.418,0.0496,0.3176
1937,2.471,0.0436,0.2568
1938,2.421,0.0378,0.2405
1939,2.394,0.0486,0.3176
1940,2.406,0.0448,0.2834
1941,2.431,0.0455,0.2867
1942,2.337,0.0430,0.2635
1943,2.419,0.0396,0.2437
1944,2.459,0.0488,0.2973
1945,2.484,0.0426,0.2748
1946,2.395,0.0436,0.2885
1947,2.450,0.0503,0.3063
1948,2.472,0.0483,0.2922
1949,2.402,0.0459,0.2929
1950,2.414,0.0459,0.2811
1951,2.430,0.0492,0.3039
1952,2.441,0.0473,0.3110
1953,2.412,0.0413,0.2656
1954,2.459,0.0485,0.2886
1955,2.455,0.0448,0.2897
1956,2.428,0.0461,0.2802
1957,2.393,0.0405,0.2512
1958,2.384,0.0417,0.2573
1959,2.472,0.0491,0.2854
1960,2.460,0.0396,0.2275
1961,2.419,0.0426,0.2587
1962,2.490,0.0457,0.2879
1963,2.450,0.0446,0.2949
1964,2.483,0.0516,0.3135
1965,2.456,0.0485,0.2826
1966,2.457,0.0492,0.2943
1967,2.454,0.0438,0.2733
1968,2.412,0.0445,0.2927
1969,2.448,0.0435,0.2612
1970,2.374,0.0563,0.3479
1971,2.427,0.0409,0.2615
1972,2.396,0.0480,0.2834
1973,2.434,0.0419,0.2793
1974,2.412,0.0485,0.3233
1975,2.410,0.0496,0.2864
1976,2.442,0.0377,0.2371
1977,2.405,0.0456,0.2898
1978,2.467,0.0438,0.2731
1979,2.399,0.0482,0.3107
1980,2.440,0.0491,0.3021
1981,2.436,0.0441,0.2633
1982,2.430,0.0428,0.2748
1983,2.420,0.0502,0.3126
1984,2.391,0.0471,0.2828
1985,2.388,0.0466,0.2760
1986,2.402,0.0455,0.2900
1987,2.455,0.0495,0.3166
1988,2.388,0.0517,0.3318
1989,2.425,0.0486,0.2848
1990,2.456,0.0412,0.2706
1991,2.476,0.0430,0.2785
1992,2.635,0.0484,0.3065
1993,2.452,0.0449,0.2754
1994,2.425,0.0513,0.3221
1995,2.411,0.0436,0.2703
1996,2.406,0.0472,0.3111
1997,2.449,0.0409,0.2653
1998,2.389,0.0472,0.2952
1999,2.407,0.0526,0.3138
2000,2.454,0.0480,0.2984
