Image,Time,CER,WER
img_0000.png,2.823291000000154,0.04376899696048632,0.2579185520361991
img_0001.png,2.6124408000000585,0.05330882352941176,0.32167832167832167
img_0002.png,2.667716500000097,0.044902912621359224,0.2775229357798165
img_0003.png,2.662986499999988,0.04892966360856269,0.2951945080091533
img_0004.png,2.672561300000325,0.042095699576014535,0.2643171806167401
img_0005.png,2.6902430000000095,0.04804434862950416,0.31002331002331
img_0006.png,2.590234799999962,0.044780635400907716,0.273542600896861
img_0007.png,2.5645440999996936,0.05012224938875306,0.30344827586206896
img_0008.png,2.7505710999998882,0.04445116419715754,0.29977628635346754
img_0009.png,2.642144299999927,0.04445125689760883,0.25942350332594233
img_0010.png,2.640405400000418,0.04722730042656916,0.30751708428246016
img_0011.png,2.664310099999966,0.041602936677883146,0.27230046948356806
img_0012.png,2.711378500000137,0.045609680421967114,0.2823529411764706
img_0013.png,2.7158528999998452,0.041268863566368955,0.25995316159250587
img_0014.png,2.648384300000089,0.046680812367384056,0.2906178489702517
img_0015.png,2.6149047999997492,0.040208717004297116,0.26244343891402716
img_0016.png,2.7621581999997034,0.041945288753799395,0.28735632183908044
img_0017.png,2.6494675999997526,0.0441400304414003,0.26376146788990823
img_0018.png,2.665760400000181,0.05026049647563592,0.3150684931506849
img_0019.png,2.786047999999937,0.040278619018776496,0.2523364485981308
img_0020.png,2.7532334000002265,0.04330588594083562,0.2671081677704194
img_0021.png,2.5376220999996804,0.050015436863229394,0.3125
img_0022.png,2.5730366000002505,0.04492010853180585,0.27069351230425054
img_0023.png,2.573384299999816,0.047530864197530866,0.3028169014084507
img_0024.png,2.6303008999998383,0.04212454212454213,0.2691415313225058
img_0025.png,2.646067900000162,0.045769346582354715,0.27740492170022374
img_0026.png,2.7277820999997857,0.05211526670754139,0.3080459770114943
img_0027.png,2.823071599999821,0.040346682606096834,0.2471395881006865
img_0028.png,2.56852280000021,0.04878048780487805,0.2897196261682243
img_0029.png,2.696738500000265,0.03680981595092025,0.23963133640552994
img_0030.png,2.616339700000026,0.04270139309509388,0.26126126126126126
img_0031.png,2.7184843,0.04122780619921757,0.24774774774774774
img_0032.png,2.751879999999801,0.049758745476477684,0.2925170068027211
img_0033.png,2.643094900000051,0.0444104134762634,0.2780373831775701
img_0034.png,2.905458499999895,0.04502585944630362,0.2830188679245283
img_0035.png,2.725275700000111,0.04843131282363692,0.32027649769585254
img_0036.png,2.6118373000003885,0.047922353654837734,0.31654676258992803
img_0037.png,2.8076036000002205,0.04697380307136405,0.2876712328767123
img_0038.png,2.7366876999999477,0.05021432945499082,0.30201342281879195
img_0039.png,2.596285600000101,0.04878048780487805,0.3057471264367816
img_0060.png,2.7351289000002907,0.04314329738058552,0.26879271070615035
img_0061.png,2.5467837000001055,0.04216315307057745,0.2626728110599078
img_0062.png,2.837996199999907,0.042735042735042736,0.2689655172413793
img_0063.png,2.741336600000068,0.04392922513727883,0.26636568848758463
img_0064.png,2.7735969000000296,0.05183845690174804,0.327313769751693
img_0065.png,2.768469300000106,0.041628684290489215,0.25517241379310346
img_0066.png,2.7311718000000837,0.04244847739157182,0.26681614349775784
img_0067.png,2.6981175000000803,0.04621977349250077,0.2635135135135135
img_0068.png,2.6137351000002127,0.04772036474164134,0.30275229357798167
img_0069.png,8.176498099999662,0.045454545454545456,0.28703703703703703
img_0070.png,2.6668352000001505,0.04193849021435228,0.2676056338028169
img_0071.png,2.641491599999881,0.050878255602665054,0.3212669683257919
img_0072.png,2.6271279000002323,0.047475961538461536,0.30337078651685395
img_0073.png,2.6865717000000586,0.04421768707482993,0.27423167848699764
img_0074.png,2.7688772999999856,0.046414757512645045,0.27233115468409586
img_0075.png,2.7932753999998567,0.045495093666369314,0.26548672566371684
img_0076.png,2.7862002000001667,0.0488997555012225,0.2964705882352941
img_0077.png,2.794325399999707,0.05143906919779547,0.3018867924528302
img_0078.png,2.574682500000108,0.04596273291925466,0.2813953488372093
img_0079.png,2.757564299999558,0.047178262167811284,0.28634361233480177
img_0040.png,2.6573206000002756,0.0416289592760181,0.25669642857142855
img_0041.png,2.7856380999996873,0.0552639703612226,0.33642691415313225
img_0042.png,2.6447281000000658,0.046635182998819365,0.28314606741573034
img_0043.png,2.7032568999998148,0.04984520123839009,0.30184331797235026
img_0044.png,2.680277599999954,0.04004967401428128,0.26291079812206575
img_0045.png,2.6655353999999534,0.04751686082158185,0.2863849765258216
img_0046.png,2.629453300000023,0.04535896665665365,0.2905405405405405
img_0047.png,2.7326567999998588,0.049304295220810646,0.3094688221709007
img_0048.png,2.8755308999998306,0.050286058416139714,0.30112359550561796
img_0049.png,7.174136499999804,0.05172413793103448,0.29977628635346754
img_0050.png,3.646223799999916,0.04623392529087569,0.28735632183908044
img_0051.png,2.7812110999998367,0.04708040354631611,0.2810304449648712
img_0052.png,2.807578899999953,0.047734873821830344,0.2831050228310502
img_0053.png,2.791871700000229,0.04757575757575758,0.27828054298642535
img_0054.png,2.7264663999999357,0.043867778807537845,0.27634660421545665
img_0055.png,2.8201413000001594,0.04763340367802231,0.3028953229398664
img_0056.png,2.6793213000000833,0.04649042844120328,0.27954545454545454
img_0057.png,2.6000546999998733,0.048426150121065374,0.2943820224719101
img_0058.png,2.8477138000002924,0.0405446293494705,0.26497695852534564
img_0059.png,2.7176094000001285,0.04904051172707889,0.2986111111111111
img_0080.png,2.681698899999901,0.05009334163036715,0.3055555555555556
img_0081.png,2.663054900000134,0.05163458600672166,0.31767337807606266
img_0082.png,3.460063799999716,0.05206738131699847,0.2889908256880734
img_0083.png,3.351336100000026,0.047905995781862006,0.286697247706422
img_0084.png,3.2564421000001857,0.0540132770066385,0.32286995515695066
img_0085.png,3.0919395999999324,0.05030674846625767,0.30045871559633025
img_0086.png,5.121389600000384,0.04081632653061224,0.2597701149425287
img_0087.png,6.1191295000003265,0.050733496332518335,0.30699774266365687
img_0088.png,2.8955939000002218,0.052948255114320095,0.3244444444444444
img_0089.png,2.8189331999997194,0.04614904895541004,0.284037558685446
img_0090.png,2.6832150000000183,0.04214675560946028,0.27069351230425054
img_0091.png,2.7625505999999405,0.050965018094089265,0.3146067415730337
img_0092.png,2.6584718000003704,0.04147744474719951,0.26785714285714285
img_0093.png,2.6770589000002474,0.045121951219512194,0.3157894736842105
img_0094.png,2.731221800000185,0.04801477377654663,0.30296127562642367
img_0095.png,2.8117142000000968,0.0487062404870624,0.298876404494382
img_0096.png,2.726103399999829,0.05113813532896788,0.30660377358490565
img_0097.png,2.6687065000000985,0.04640442532267978,0.29082774049217003
img_0098.png,2.7357411000002685,0.04993872549019608,0.30248306997742663
img_0099.png,2.742869299999711,0.05061765592045797,0.3163972286374134
img_0100.png,2.705498300000272,0.0511727078891258,0.3009049773755656
img_0101.png,2.8830150000003414,0.04689403166869671,0.30184331797235026
img_0102.png,3.4110764000001836,0.04935622317596566,0.29439252336448596
img_0103.png,3.3185585000001083,0.04872816426601287,0.3165137614678899
img_0104.png,3.278034100000241,0.051094890510948905,0.2972972972972973
img_0105.png,3.1410586000001786,0.042805100182149364,0.2623318385650224
img_0106.png,7.962305600000036,0.04923076923076923,0.3159090909090909
img_0107.png,3.3103691000001163,0.03939205955334987,0.2318181818181818
img_0108.png,2.595375100000183,0.04591995035681042,0.2780373831775701
img_0109.png,2.573095700000067,0.04696132596685083,0.2964705882352941
img_0110.png,2.809755600000244,0.049338146811071,0.3135011441647597
img_0111.png,2.7849764000002324,0.04393564356435643,0.28018223234624146
img_0112.png,2.8376921000003676,0.04684684684684685,0.27740492170022374
img_0113.png,2.7491061999999147,0.04881746513038205,0.28440366972477066
img_0114.png,2.7421056999996836,0.046412213740458015,0.28314606741573034
img_0115.png,2.693083999999999,0.04657451923076923,0.28193832599118945
img_0116.png,2.6962413000001106,0.0432348367029549,0.2631578947368421
img_0117.png,2.801655799999935,0.04227493917274939,0.24608501118568232
img_0118.png,2.6444721000002573,0.04378444580526638,0.25934579439252337
img_0119.png,2.732466899999963,0.04455445544554455,0.2837528604118993
img_0120.png,2.774653500000113,0.051677243880326386,0.3256880733944954
img_0121.png,2.703011399999923,0.04938650306748466,0.2967289719626168
img_0122.png,2.7616925000002084,0.04287476866132017,0.26730310262529833
img_0123.png,3.0104652999998507,0.04555052790346908,0.2918552036199095
img_0124.png,2.848383300000023,0.03683070256886413,0.2379862700228833
img_0125.png,2.7496424999999363,0.054045707226683136,0.31880733944954126
img_0126.png,2.5481542000002264,0.05070682237246466,0.3052391799544419
img_0127.png,2.7266457999999147,0.046846295162278014,0.2825112107623318
img_0128.png,2.749303399999917,0.04188008436275987,0.2635135135135135
img_0129.png,2.5620773000000554,0.049443757725587144,0.29411764705882354
img_0130.png,2.783693299999868,0.04718137254901961,0.2791762013729977
img_0131.png,2.738368199999968,0.050489596083231336,0.31096196868008946
img_0132.png,2.9412505000000237,0.04592457420924574,0.2898876404494382
img_0133.png,2.76733540000032,0.04542645241038319,0.25882352941176473
img_0134.png,2.6466199999999844,0.04473524041387705,0.28604651162790695
img_0135.png,2.7125593000000663,0.048854041013269,0.28216704288939054
img_0136.png,2.7691059000003406,0.047503045066991476,0.27293064876957496
img_0137.png,2.770161399999779,0.046009389671361506,0.2847058823529412
img_0138.png,2.712500699999964,0.04391582799634035,0.2850678733031674
img_0139.png,2.7620811000001595,0.042779126213592235,0.2747747747747748
img_0140.png,2.6253019000000677,0.04839704069050555,0.29439252336448596
img_0141.png,2.8066752999998243,0.04860267314702309,0.30205949656750575
img_0142.png,2.8065474999998514,0.05143721633888049,0.29411764705882354
img_0143.png,2.574989199999891,0.03728402546226129,0.22857142857142856
img_0144.png,2.7607938999999533,0.050842266462480856,0.29596412556053814
img_0145.png,2.791354599999977,0.035681328821900955,0.22298850574712645
img_0146.png,2.8355116999996426,0.049140789870364784,0.29128440366972475
img_0147.png,2.847296500000084,0.042367788461538464,0.270509977827051
img_0148.png,2.8343322000000626,0.04878797177048174,0.31220657276995306
img_0149.png,2.9101670000000013,0.043610856968587984,0.2702078521939954
img_0150.png,2.8408234000003176,0.044689317416590144,0.2768878718535469
img_0151.png,2.7076396000002205,0.043808944326133255,0.27045454545454545
img_0152.png,2.713517199999842,0.04746070133010883,0.28859060402684567
img_0153.png,2.6956718999999794,0.042909312233718806,0.27293064876957496
img_0154.png,2.8701789000001554,0.04538531830642705,0.2825112107623318
img_0155.png,2.81710750000002,0.0439459127228027,0.2637889688249401
img_0156.png,2.830601299999671,0.04057352043929225,0.2748267898383372
img_0157.png,2.7181470000000445,0.03764270286948473,0.24489795918367346
img_0158.png,2.8311188000002403,0.047504509921828024,0.27654867256637167
img_0159.png,2.8779976000000715,0.042279411764705885,0.2699530516431925
img_0160.png,2.757458399999905,0.04753143207605029,0.30337078651685395
img_0161.png,2.785947800000031,0.05106001791579576,0.30855855855855857
img_0162.png,8.456636100000196,0.04494038520330174,0.28378378378378377
img_0163.png,3.346187799999825,0.04953846153846154,0.2988235294117647
img_0164.png,2.8317587999999887,0.04956629491945477,0.3037383177570093
img_0165.png,2.9132903999998234,0.045595533498759305,0.2857142857142857
img_0166.png,2.700454499999978,0.04449938195302843,0.2803738317757009
img_0167.png,2.9327978999999686,0.040194884287454324,0.26096491228070173
img_0168.png,3.069409199999882,0.05410390408853366,0.33176470588235296
img_0169.png,3.0416096000003563,0.04819642315853289,0.2768878718535469
img_0170.png,3.1118202999996356,0.05105740181268882,0.28893905191873587
img_0171.png,3.2823600000001534,0.044947209653092006,0.2827586206896552
img_0172.png,3.014351499999975,0.04745551045894474,0.284037558685446
img_0173.png,10.209769300000062,0.04058590173939579,0.2540045766590389
img_0174.png,2.992412399999921,0.044780728844966027,0.2745995423340961
img_0175.png,2.9189244000003782,0.04413116763714373,0.2757009345794392
img_0176.png,3.052473900000223,0.04300751879699248,0.2702702702702703
img_0177.png,3.1658533999998326,0.05046560528687293,0.3159090909090909
img_0178.png,3.020790400000351,0.04896421845574388,0.30288461538461536
img_0179.png,3.1363885000000664,0.04429611650485437,0.27765237020316025
img_0180.png,2.712401100000079,0.04600559527510103,0.27674418604651163
img_0181.png,2.7955409000001055,0.05143209116107176,0.3219178082191781
img_0182.png,8.598925999999665,0.04902264970524356,0.3185011709601874
img_0183.png,3.0963034000001244,0.04468085106382979,0.28045977011494255
img_0184.png,2.7584113000002617,0.050061804697156986,0.3058823529411765
img_0185.png,2.94077709999965,0.051540103690149434,0.3256880733944954
img_0186.png,2.8473376000001736,0.04527499240352476,0.28045977011494255
img_0187.png,2.9098398000001,0.04794099569760295,0.2981651376146789
img_0188.png,3.009719899999709,0.055758683729433274,0.3218390804597701
img_0189.png,3.0109486000001198,0.045358330813426065,0.2938496583143508
img_0190.png,3.0121186999999736,0.0479951397326853,0.2981220657276995
img_0191.png,3.0502738999998655,0.040810157194679564,0.271889400921659
img_0192.png,2.9984512000000905,0.04187041564792176,0.26651480637813213
img_0193.png,10.185842200000025,0.048462255358807084,0.3004807692307692
img_0194.png,2.9561114000002817,0.045700541190619365,0.2943820224719101
img_0195.png,2.9230916999999863,0.04778051787916153,0.27293577981651373
img_0196.png,3.106949700000314,0.0444104134762634,0.27230046948356806
img_0197.png,3.0454716000003828,0.046242774566473986,0.30963302752293576
img_0198.png,3.03068119999989,0.04152568440479852,0.2700228832951945
img_0199.png,3.034128100000089,0.04724646403851941,0.2882882882882883
img_0200.png,3.037666999999601,0.04555052790346908,0.29330254041570436
img_0201.png,2.9933101000001443,0.0487359122753579,0.30337078651685395
img_0202.png,2.9861111000000164,0.044113173106175844,0.2743764172335601
img_0203.png,8.347181399999954,0.04654700334651658,0.28863636363636364
img_0204.png,3.009249499999896,0.04484998453448809,0.26605504587155965
img_0205.png,2.9011599999998907,0.04509921828021648,0.27790432801822323
img_0206.png,2.975593900000149,0.050986342943854325,0.3073394495412844
img_0207.png,3.061652800000047,0.04350471554609066,0.2725225225225225
img_0208.png,3.0691259000000173,0.03731343283582089,0.23448275862068965
img_0209.png,3.044802299999901,0.043584273087473334,0.2906178489702517
img_0210.png,2.8143401000002086,0.047751937984496125,0.29330254041570436
img_0211.png,3.1159701999999925,0.04530252356339313,0.28832951945080093
img_0212.png,3.1197197999999844,0.049253731343283584,0.30303030303030304
img_0213.png,3.0840751000000637,0.04907603756437443,0.3169642857142857
img_0214.png,3.1259948000001714,0.04772101560110126,0.2863849765258216
img_0215.png,3.143366000000242,0.04528985507246377,0.28054298642533937
img_0216.png,3.0268765000000712,0.049954586739327886,0.30155210643015523
img_0217.png,2.8863650000002963,0.04744525547445255,0.29723502304147464
img_0218.png,3.110310600000048,0.042826552462526764,0.2540045766590389
img_0219.png,10.194051099999797,0.04893425397778445,0.28699551569506726
img_0220.png,3.09505259999969,0.05375037959307622,0.3169642857142857
img_0221.png,2.9958952000001773,0.044780728844966027,0.286697247706422
img_0222.png,4.578075100000206,0.0447044704470447,0.2621145374449339
img_0223.png,7.250468200000341,0.04467564259485924,0.26605504587155965
img_0224.png,3.147432000000208,0.04266263237518911,0.2623318385650224
img_0225.png,2.9322424000001774,0.049083566324945635,0.2992874109263658
img_0226.png,3.0702454000002035,0.04986400725294651,0.2990867579908676
img_0227.png,2.9844468999999663,0.04430379746835443,0.2791762013729977
img_0228.png,2.9666236999996727,0.04195152268489745,0.2733644859813084
img_0229.png,2.9790350999996917,0.04840686274509804,0.2899543378995434
img_0230.png,2.9970031000002564,0.04865361077111383,0.2880184331797235
img_0231.png,2.9609064000001126,0.04242799628367916,0.2654462242562929
img_0232.png,2.9189438999997037,0.049165402124430956,0.3080459770114943
img_0233.png,2.994974600000205,0.045932152506754725,0.28794642857142855
img_0234.png,3.0014591000003747,0.047792998477929984,0.2809734513274336
img_0235.png,2.880676499999936,0.04090909090909091,0.25688073394495414
img_0236.png,2.9897964000001593,0.046097111247695145,0.28604118993135014
img_0237.png,3.228334999999788,0.0398406374501992,0.24324324324324326
img_0238.png,3.0054706999999325,0.041666666666666664,0.2544642857142857
img_0239.png,10.266844700000092,0.042098840756558877,0.26436781609195403
img_0260.png,2.880472700000155,0.04442373407890649,0.2699530516431925
img_0261.png,3.0801085000002786,0.04767652383826192,0.2973568281938326
img_0262.png,9.17029629999979,0.041576171269004036,0.25882352941176473
img_0263.png,2.931041499999992,0.04219279334770557,0.26635514018691586
img_0264.png,2.9769185000000107,0.0474296205630355,0.2857142857142857
img_0265.png,2.8961011000001236,0.045994517209869024,0.2747747747747748
img_0266.png,3.062487599999713,0.055073331337922776,0.32662192393736017
img_0267.png,3.0345017999998163,0.04189435336976321,0.2632794457274827
img_0268.png,2.9517141000001175,0.05327617881200245,0.3310344827586207
img_0269.png,3.149401399999988,0.04421768707482993,0.2564102564102564
img_0270.png,3.055836800000179,0.04004929143561306,0.24311926605504589
img_0271.png,3.1038782000000538,0.041452344931921334,0.26636568848758463
img_0272.png,3.0496745999998893,0.04780400358530027,0.2968036529680365
img_0273.png,3.0295289000000594,0.035305048002477545,0.23294117647058823
img_0274.png,2.9509382000001096,0.04854961832061069,0.3091334894613583
img_0275.png,3.047826399999849,0.049923896499238965,0.3082191780821918
img_0276.png,2.9933294000002206,0.04791154791154791,0.2922374429223744
img_0277.png,3.1162779999999657,0.04270896888346553,0.27293577981651373
img_0278.png,2.8676503000001503,0.047373215912541754,0.2727272727272727
img_0279.png,2.8522351000001436,0.042722001830942935,0.271689497716895
img_0240.png,2.9790686000001187,0.05220277610138805,0.3101123595505618
img_0241.png,3.107308699999976,0.05701357466063348,0.3333333333333333
img_0242.png,9.34923690000005,0.045454545454545456,0.2929061784897025
img_0243.png,3.1021381000000474,0.04170471841704718,0.25733634311512416
img_0244.png,2.961174200000187,0.04721030042918455,0.2926267281105991
img_0245.png,2.9753914000002624,0.041943270971635485,0.268348623853211
img_0246.png,2.9725195000000895,0.046946916231972995,0.2934272300469484
img_0247.png,2.9283189000002494,0.040722596448254746,0.251685393258427
img_0248.png,3.013354000000163,0.04480341359341664,0.2780373831775701
img_0249.png,3.0136498000001666,0.045676004872107184,0.2678983833718245
img_0250.png,3.082542099999955,0.04204018547140649,0.24770642201834864
img_0251.png,2.9888087000003907,0.04321363359707851,0.26244343891402716
img_0252.png,3.011376299999938,0.03905765654060756,0.23271889400921658
img_0253.png,3.0149390999999923,0.04876543209876543,0.2830188679245283
img_0254.png,3.0167179999998552,0.048528965726417954,0.31542056074766356
img_0255.png,3.043430400000034,0.045674531155474894,0.2802690582959641
img_0256.png,3.0128899999999703,0.04951980792316927,0.30180180180180183
img_0257.png,3.100326700000096,0.044538068010833584,0.26303854875283444
img_0258.png,2.8462054000001444,0.047383090740167236,0.297423887587822
img_0259.png,3.0113240999999107,0.04665438919582566,0.2927400468384075
img_0280.png,2.9103706999999304,0.04744413835322926,0.28805620608899296
img_0281.png,2.7824516000000585,0.05037707390648567,0.30269058295964124
img_0282.png,3.0118271999999706,0.045221585770274346,0.273972602739726
img_0283.png,3.1337368999998034,0.047069541451563925,0.29330254041570436
img_0284.png,3.0601504999999634,0.04907040536421823,0.298876404494382
img_0285.png,3.03560060000018,0.04042553191489362,0.2579185520361991
img_0286.png,2.969132499999887,0.048647005168744296,0.3087557603686636
img_0287.png,3.0752698999999666,0.04518252543387193,0.2741228070175439
img_0288.png,3.0070439999999508,0.046172539489671933,0.2899543378995434
img_0289.png,3.2967874000000847,0.047289156626506026,0.27765237020316025
img_0290.png,3.193570699999782,0.04350547730829421,0.2642857142857143
img_0291.png,3.5278309999998783,0.04740200546946217,0.271689497716895
img_0292.png,3.293496199999936,0.04156553398058253,0.27191011235955054
img_0293.png,3.5536070000002837,0.043154299906861225,0.268348623853211
img_0294.png,9.736936899999819,0.04783530124129579,0.3004484304932735
img_0295.png,3.0270619999996597,0.041163726400495204,0.26605504587155965
img_0296.png,2.6871069000003445,0.043095599393019726,0.2606741573033708
img_0297.png,2.6777602999995906,0.044848484848484846,0.265625
img_0298.png,2.6996766000002026,0.04604051565377532,0.29128440366972475
img_0299.png,2.74285110000028,0.04246868316529178,0.2585812356979405
img_0300.png,2.9317157000000407,0.051908396946564885,0.3135011441647597
img_0301.png,2.884340600000087,0.045105860693464256,0.2867132867132867
img_0302.png,3.0497072999996817,0.04798288508557457,0.29046563192904656
img_0303.png,2.9929550000001655,0.04225786551511413,0.2635135135135135
img_0304.png,3.0283646999996563,0.047619047619047616,0.27790432801822323
img_0305.png,2.8812668000000485,0.045105860693464256,0.2700228832951945
img_0306.png,3.146528799999942,0.04998476074367571,0.29571106094808125
img_0307.png,2.9025227000001905,0.049170251997541485,0.2995391705069124
img_0308.png,2.988299200000256,0.0466193269527632,0.28604651162790695
img_0309.png,3.228601300000264,0.04691358024691358,0.30663615560640733
img_0310.png,3.2842585000003055,0.04779189352692075,0.296127562642369
img_0311.png,3.5403903000001264,0.041628122109158186,0.27102803738317754
img_0312.png,3.3788346999999703,0.0461121157323689,0.27472527472527475
img_0313.png,3.8035777999998572,0.04739919975377039,0.29009433962264153
img_0314.png,9.317955500000153,0.05102675793403858,0.3157894736842105
img_0315.png,2.95823960000007,0.04252017380509,0.26252983293556087
img_0316.png,2.853751000000102,0.05068407960199005,0.2863849765258216
img_0317.png,2.9262133000001995,0.05199879771565975,0.31567328918322296
img_0318.png,2.745191800000157,0.0499844768705371,0.3054892601431981
img_0319.png,2.6955911000000015,0.047224777675559645,0.2988505747126437
img_0320.png,2.776291499999843,0.04750378214826021,0.3022222222222222
img_0321.png,2.6821514000002935,0.05878769418215047,0.3595505617977528
img_0322.png,2.8033675000001494,0.047895057962172055,0.3004484304932735
img_0323.png,2.7647914000003766,0.0532724505327245,0.31690140845070425
img_0324.png,2.905646700000034,0.05299608551641072,0.3325942350332594
img_0325.png,2.7259398000001056,0.04998485307482581,0.2930648769574944
img_0326.png,2.7313560000002326,0.05019655276685818,0.3013698630136986
img_0327.png,2.8483017999997173,0.04038870331005162,0.26146788990825687
img_0328.png,2.7945331000000806,0.047386120452461024,0.2997658079625293
img_0329.png,2.724103699999887,0.047751937984496125,0.3055555555555556
img_0330.png,2.733426100000088,0.05232735016732583,0.3215962441314554
img_0331.png,2.8191931999999724,0.0507136349832979,0.2979683972911964
img_0332.png,2.7891727000001083,0.04753199268738574,0.2827586206896552
img_0333.png,2.7787671000000955,0.044794562866852024,0.294811320754717
img_0334.png,2.797407199999725,0.05092452258260079,0.31264367816091954
img_0335.png,2.6191635000000133,0.04391582799634035,0.2905405405405405
img_0336.png,2.8002333999997973,0.04977645305514158,0.2920353982300885
img_0337.png,2.889868600000227,0.0480217456961643,0.2876404494382023
img_0338.png,3.5024748000000727,0.03935768261964735,0.2631578947368421
img_0339.png,3.3671668000001773,0.04400371862410908,0.2459016393442623
img_0340.png,2.800153799999862,0.04948075748320098,0.2956120092378753
img_0341.png,2.77116739999974,0.05619372865569699,0.3309692671394799
img_0342.png,2.8603385000001254,0.05105740181268882,0.3219178082191781
img_0343.png,2.802934699999696,0.04559270516717325,0.2762557077625571
img_0344.png,2.7905750999998418,0.03856502242152467,0.23965141612200436
img_0345.png,2.7331011000001126,0.047062442325438325,0.2800925925925926
img_0346.png,2.801086800000121,0.04400371862410908,0.2676056338028169
img_0347.png,2.8071485000000393,0.04875112849834487,0.2966292134831461
img_0348.png,2.738676899999973,0.04636973764490543,0.28794642857142855
img_0349.png,2.720501199999944,0.048327137546468404,0.286697247706422
img_0350.png,2.944953700000042,0.04518905625576391,0.29009433962264153
img_0351.png,2.731134800000291,0.04621072088724584,0.28604118993135014
img_0352.png,2.6988486000000194,0.04380242311276794,0.2646370023419204
img_0353.png,2.8202291999996305,0.050151057401812686,0.3264367816091954
img_0354.png,2.8318011000001206,0.04537037037037037,0.27880184331797236
img_0355.png,2.837927000000036,0.04466501240694789,0.26588235294117646
img_0356.png,2.7284457000000657,0.04165408994868699,0.2533632286995516
img_0357.png,2.9373420000001715,0.04741245739076542,0.2951945080091533
img_0358.png,3.764541300000019,0.044682752457551385,0.29213483146067415
img_0359.png,3.2125670999998874,0.046353522867737945,0.2703349282296651
img_0360.png,4.162059100000079,0.04616325282788138,0.28440366972477066
img_0361.png,10.221864000000096,0.04234724742891712,0.2647058823529412
img_0362.png,3.005490500000178,0.04407200496585972,0.2806603773584906
img_0363.png,2.888580599999841,0.04266263237518911,0.2706422018348624
img_0364.png,3.569828400000006,0.04338527344943477,0.2716627634660422
img_0365.png,3.331708499999877,0.04097859327217125,0.24475524475524477
img_0366.png,3.023912399999972,0.04553789731051345,0.3130841121495327
img_0367.png,3.020460600000206,0.04624808575803982,0.2847058823529412
img_0368.png,3.274975799999993,0.04531346989447548,0.28868360277136257
img_0369.png,2.9693680000000313,0.04307974335472044,0.2600896860986547
img_0370.png,3.2978359999997338,0.037787182587666265,0.24282560706401765
img_0371.png,3.2441208999998707,0.04494038520330174,0.27293577981651373
img_0372.png,3.1733096999996633,0.04401354262850108,0.271264367816092
img_0373.png,3.512005600000066,0.046176911544227886,0.291196388261851
img_0374.png,3.526838300000236,0.0492001207364926,0.2807017543859649
img_0375.png,3.459659500000271,0.04577572964669739,0.28438228438228436
img_0376.png,3.1262228999999024,0.04365079365079365,0.2737556561085973
img_0377.png,9.722018299999945,0.05106382978723404,0.27045454545454545
img_0378.png,3.128883699999733,0.047661870503597124,0.2828507795100223
img_0379.png,3.335917800000061,0.04929577464788732,0.31220657276995306
img_0380.png,9.707225899999685,0.0421760391198044,0.2619589977220957
img_0381.png,4.7620810000003075,0.050505050505050504,0.3057471264367816
img_0382.png,3.1594349000001785,0.041868932038834954,0.255079006772009
img_0383.png,3.059684400000151,0.04354492486967188,0.25229357798165136
img_0384.png,3.854123200000231,0.043478260869565216,0.26636568848758463
img_0385.png,3.210712600000079,0.045399146861669716,0.2651685393258427
img_0386.png,3.102286400000139,0.04764832462342453,0.28703703703703703
img_0387.png,3.3257619999999406,0.052392489400363416,0.3054298642533937
img_0388.png,3.1082750999999007,0.04886293792255685,0.30414746543778803
img_0389.png,3.179968100000224,0.04318734793187348,0.26879271070615035
img_0390.png,3.071751800000129,0.04962311557788945,0.30528846153846156
img_0391.png,3.3102708999999777,0.044485070079219986,0.28054298642533937
img_0392.png,3.3468494999997347,0.051447935921133704,0.30787037037037035
img_0393.png,3.889458000000104,0.035586124401913874,0.2292134831460674
img_0394.png,3.4353581000000304,0.045604560456045606,0.2802690582959641
img_0395.png,3.3390568999998322,0.04993946731234867,0.3042505592841163
img_0396.png,9.440677300000061,0.04318111214662939,0.2689655172413793
img_0397.png,3.4479200000000674,0.04948075748320098,0.3145539906103286
img_0398.png,3.1311375999998745,0.046740467404674045,0.28841607565011823
img_0399.png,7.950603199999932,0.04164170161773517,0.26057906458797325
img_0400.png,9.495585399999982,0.04160246533127889,0.27251732101616627
img_0401.png,2.9491402999997263,0.040499390986601706,0.24553571428571427
img_0402.png,3.4724938999997903,0.04310608376643228,0.2686230248306998
img_0403.png,2.8021778000002087,0.04759017884207335,0.2974828375286041
img_0404.png,2.8413752999999815,0.04715546090660176,0.2974828375286041
img_0405.png,2.749410999999782,0.04460966542750929,0.27816091954022987
img_0406.png,2.8121298999999453,0.045747620509671474,0.2903225806451613
img_0407.png,2.6535844999998517,0.04077906269020085,0.2639821029082774
img_0408.png,2.9054956999998467,0.052030075187969926,0.3047404063205418
img_0409.png,2.700652900000023,0.043878490334458425,0.2699530516431925
img_0410.png,2.777744800000164,0.04716981132075472,0.2876404494382023
img_0411.png,2.685702499999934,0.04467564259485924,0.2775229357798165
img_0412.png,8.19521130000021,0.045290941811637675,0.2645739910313901
img_0413.png,2.7605773000000227,0.05531914893617021,0.34174311926605505
img_0414.png,2.651812499999778,0.04525993883792049,0.28153153153153154
img_0415.png,2.8004181999999673,0.04793289394847214,0.29213483146067415
img_0416.png,2.7996162999997978,0.0458630306786489,0.29698375870069604
img_0417.png,2.7932902000002287,0.042926239419588876,0.2775229357798165
img_0418.png,2.8513183000000026,0.05067155067155067,0.2898876404494382
img_0419.png,2.814896000000317,0.041025641025641026,0.2505643340857788
img_0420.png,4.875100100000054,0.046567886301784094,0.29024943310657597
img_0421.png,3.3526050000000396,0.04919526267840874,0.2956120092378753
img_0422.png,3.057373600000119,0.043451652386780906,0.2780373831775701
img_0423.png,2.7599841999999626,0.04858177429088715,0.30699774266365687
img_0424.png,2.7909734999998363,0.05485749310450506,0.3394919168591224
img_0425.png,2.723274500000116,0.04521845401772075,0.2847222222222222
img_0426.png,2.7677432999998928,0.045216856351891724,0.28672985781990523
img_0427.png,2.730205699999715,0.0430563978168587,0.26773455377574373
img_0428.png,2.810265999999956,0.04770755885997522,0.30414746543778803
img_0429.png,2.6060434999999416,0.04897218863361548,0.3073394495412844
img_0430.png,2.813394799999969,0.04196642685851319,0.25274725274725274
img_0431.png,8.230693799999699,0.04877309906089064,0.28442437923250563
img_0432.png,2.748077799999919,0.05010759299108515,0.30068337129840544
img_0433.png,2.783346299999721,0.04477611940298507,0.2733333333333333
img_0434.png,2.7214969000001474,0.046822742474916385,0.3071593533487298
img_0435.png,2.7166501000001517,0.05266325609389106,0.3180778032036613
img_0436.png,2.7856121999998322,0.04146489104116223,0.27314814814814814
img_0437.png,2.6611393000002863,0.039643515673017826,0.24379232505643342
img_0438.png,2.8002990999998474,0.045755568934376885,0.2898876404494382
img_0439.png,2.809929099999863,0.050508069336521216,0.3105022831050228
img_0440.png,2.7392202000000907,0.04883163571000599,0.2713347921225383
img_0441.png,2.739760600000409,0.04624808575803982,0.28
img_0442.png,2.7350905000002967,0.04773561811505508,0.28018223234624146
img_0443.png,2.9155077000000347,0.05006142506142506,0.3036529680365297
img_0444.png,2.766084399999727,0.04431360396653238,0.27972027972027974
img_0445.png,2.699789000000237,0.05451761102603369,0.317351598173516
img_0446.png,2.672935100000359,0.04179377669310555,0.2602739726027397
img_0447.png,2.7316713999998683,0.04873477038425492,0.33415233415233414
img_0448.png,2.7274452000001475,0.055846960814563404,0.33962264150943394
img_0449.png,2.638398800000232,0.042526964560862864,0.25934579439252337
img_0450.png,2.7801509000000806,0.0501813784764208,0.30357142857142855
img_0451.png,2.8387557999999444,0.04937519049070405,0.29082774049217003
img_0452.png,2.687628600000153,0.04187041564792176,0.2600896860986547
img_0453.png,2.7535626999997476,0.04359756097560975,0.2482758620689655
img_0454.png,2.750186499999927,0.04648354965288258,0.3002309468822171
img_0455.png,2.809906200000114,0.04207616707616708,0.2590909090909091
img_0456.png,2.713362199999665,0.05015015015015015,0.31390134529147984
img_0457.png,2.8531404999998813,0.046582899172540604,0.30112359550561796
img_0458.png,2.877996300000177,0.0506367495451789,0.31264367816091954
img_0459.png,2.8407789000002595,0.04845422116527943,0.30022075055187636
img_0460.png,2.8094034999999167,0.050045773573390295,0.29952830188679247
img_0461.png,2.893487699999696,0.06000609198903442,0.34831460674157305
img_0462.png,2.8976188999999977,0.04626865671641791,0.2873303167420814
img_0463.png,2.727980600000137,0.04647583871960603,0.28735632183908044
img_0464.png,2.825424600000133,0.039975772259236826,0.24608501118568232
img_0465.png,2.7918117999997776,0.044981640146878825,0.27790432801822323
img_0466.png,2.8417739999999867,0.04372093023255814,0.27122641509433965
img_0467.png,2.6688545000001795,0.03867747972551466,0.2386634844868735
img_0468.png,2.826286500000151,0.04993946731234867,0.2988505747126437
img_0469.png,2.7415195000003223,0.04933414043583535,0.30663615560640733
img_0470.png,2.7030431000002864,0.050539291217257316,0.2997658079625293
img_0471.png,2.760390699999789,0.049055453991468614,0.29128440366972475
img_0472.png,2.7897351000001436,0.055842185128983306,0.33715596330275227
img_0473.png,2.8538229999999203,0.057768318637883856,0.335632183908046
img_0474.png,2.888270399999783,0.05088360755636807,0.30414746543778803
img_0475.png,2.798232000000098,0.04228780042592029,0.2814645308924485
img_0476.png,2.8454311000000416,0.03922164791730009,0.24384787472035793
img_0477.png,2.7192191999997704,0.03773584905660377,0.24942263279445728
img_0478.png,2.892631100000017,0.046822742474916385,0.28735632183908044
img_0479.png,2.808304700000008,0.05274390243902439,0.3177570093457944
img_0480.png,2.647162700000081,0.0423963133640553,0.25229357798165136
img_0481.png,2.812009499999931,0.04617737003058104,0.2850574712643678
img_0482.png,2.704600600000049,0.04442401960784314,0.2863741339491917
img_0483.png,2.7195650000003297,0.044748290863890615,0.2911694510739857
img_0484.png,2.7632792999997946,0.05252037428312707,0.2930648769574944
img_0485.png,2.7165798000000905,0.043333333333333335,0.27045454545454545
img_0486.png,2.9683492000003753,0.04287017330495591,0.28211009174311924
img_0487.png,9.179573400000208,0.047223047223047224,0.27973568281938327
img_0488.png,2.5999102000000676,0.04038577456298975,0.257847533632287
img_0489.png,2.825576100000035,0.044587945879458794,0.28438228438228436
img_0490.png,2.684048200000234,0.04398289554062309,0.26744186046511625
img_0491.png,2.6994685999998183,0.047848329822449596,0.29213483146067415
img_0492.png,2.8341937999998663,0.04940891179145195,0.2920353982300885
img_0493.png,2.719834600000013,0.05177603853100542,0.3251121076233184
img_0494.png,2.8443506999997226,0.04527378403181401,0.2694063926940639
img_0495.png,2.7555248000003303,0.0501682471703885,0.2964705882352941
img_0496.png,2.6590737999999874,0.045973464979944464,0.2997601918465228
img_0497.png,2.701864800000294,0.049055453991468614,0.3082191780821918
img_0498.png,2.6847109000000273,0.04611041405269762,0.2932692307692308
img_0499.png,2.8624571999998807,0.040735068912710566,0.24770642201834864
img_0500.png,2.722614799999974,0.04902264970524356,0.30504587155963303
img_0501.png,2.7904242999998132,0.04624624624624624,0.27522935779816515
img_0502.png,2.8199750999997377,0.047705864478881796,0.2929061784897025
img_0503.png,2.9561232999999447,0.042495479204339964,0.2686230248306998
img_0504.png,2.794149500000003,0.04294478527607362,0.2605633802816901
img_0505.png,2.7128367999998773,0.04397590361445783,0.2635135135135135
img_0506.png,9.194387299999562,0.042839657282741736,0.2735632183908046
img_0507.png,2.7550717999997687,0.044048734770384255,0.27684964200477324
img_0508.png,2.5923902999998063,0.048244274809160305,0.2785388127853881
img_0509.png,2.7338512000001174,0.044437726723095525,0.29398148148148145
img_0510.png,2.7322626000000128,0.04116222760290557,0.2582781456953642
img_0511.png,2.6496006000002126,0.04932182490752158,0.3051643192488263
img_0512.png,2.6315230999998676,0.049226006191950465,0.2867132867132867
img_0513.png,2.7754477999997107,0.04615851806863043,0.27111111111111114
img_0514.png,2.8300655000002735,0.03918590522478736,0.2577777777777778
img_0515.png,2.7770354999997835,0.04699420201403723,0.2847222222222222
img_0516.png,2.6989104000003863,0.04345183834700699,0.2608695652173913
img_0517.png,2.841279499999928,0.04510349088662342,0.29245283018867924
img_0518.png,2.6722633999997925,0.04953560371517028,0.30679156908665106
img_0519.png,2.7270909999997457,0.05432780847145488,0.3287671232876712
img_0520.png,2.6574428000003536,0.04549646480172149,0.29411764705882354
img_0521.png,2.801530400000047,0.046176911544227886,0.2696629213483146
img_0522.png,2.646115099999861,0.05060975609756098,0.2927927927927928
img_0523.png,9.086437299999943,0.05808621216753287,0.3515981735159817
img_0524.png,2.6358745999996245,0.04358578052550232,0.2626728110599078
img_0525.png,2.73129949999975,0.047371638141809294,0.2926267281105991
img_0526.png,2.699398100000053,0.0426368309646205,0.2686230248306998
img_0527.png,2.6910539000000426,0.05224564619615032,0.30892448512585813
img_0528.png,2.6190059999998994,0.04841196423065063,0.2817551963048499
img_0529.png,2.77052649999996,0.03945324634979808,0.26540284360189575
img_0530.png,2.6989911000000575,0.045014066895904974,0.27699530516431925
img_0531.png,2.648627199999737,0.05018472906403941,0.2945205479452055
img_0532.png,2.6192610000002787,0.045604560456045606,0.2824601366742597
img_0533.png,2.8115332000002127,0.047470331043098064,0.2917647058823529
img_0534.png,2.8645424999999705,0.053297199638663056,0.3236607142857143
img_0535.png,2.6311782000002495,0.04758999389871873,0.2926829268292683
img_0536.png,2.6549062000003687,0.04371069182389937,0.27423167848699764
img_0537.png,2.682502800000293,0.04571776897287412,0.2595078299776286
img_0538.png,2.73559589999968,0.04801477377654663,0.2791762013729977
img_0539.png,2.6852238000001307,0.04448563484708063,0.2764976958525346
img_0540.png,2.7682550999998057,0.048847087378640776,0.309255079006772
img_0541.png,2.8253481000001557,0.04572986069049061,0.27828054298642535
img_0542.png,9.125670699999773,0.04691283292978208,0.27601809954751133
img_0543.png,2.689797500000168,0.05664356733956011,0.3348519362186788
img_0544.png,2.7632065000002513,0.043007425742574254,0.2727272727272727
img_0545.png,2.7248837000001913,0.05206738131699847,0.317351598173516
img_0546.png,2.639978600000177,0.04335961188599151,0.271264367816092
img_0547.png,2.747809100000268,0.04679268670591881,0.29357798165137616
img_0548.png,2.615957299999991,0.045966514459665146,0.30066815144766146
img_0549.png,2.6814656999999897,0.04408634843417452,0.2817551963048499
img_0550.png,2.765723699999853,0.052647689011325376,0.32867132867132864
img_0551.png,2.7495107999998254,0.04483074107959744,0.2926267281105991
img_0552.png,2.680156299999908,0.0433046683046683,0.27634660421545665
img_0553.png,2.680458499999986,0.052076875387476754,0.3028169014084507
img_0554.png,2.9180005000002893,0.04429611650485437,0.2692307692307692
img_0555.png,2.7656214999997246,0.04613992762364294,0.2777777777777778
img_0556.png,2.801712899999984,0.0432794879609875,0.2606741573033708
img_0557.png,2.6171615999996902,0.0467260989855518,0.2889908256880734
img_0558.png,2.8147328000000016,0.047244094488188976,0.2947845804988662
img_0559.png,2.7130645999995977,0.04656052868729348,0.28440366972477066
img_0560.png,2.8858233999999356,0.053753753753753755,0.3295194508009153
img_0561.png,2.77743079999982,0.04825653798256538,0.30344827586206896
img_0562.png,2.776666500000374,0.05183388905729009,0.31880733944954126
img_0563.png,2.68964619999997,0.05176177112566261,0.32710280373831774
img_0564.png,2.8694832000001043,0.0482225656877898,0.2956120092378753
img_0565.png,2.7305295999999544,0.0446927374301676,0.29009433962264153
img_0566.png,9.240259199999855,0.04627092846270928,0.29213483146067415
img_0567.png,2.7133990000002086,0.043661547726588375,0.27555555555555555
img_0568.png,2.7477256000001944,0.0479951397326853,0.2834101382488479
img_0569.png,2.592010400000163,0.04735883424408015,0.2757847533632287
img_0570.png,2.818115300000045,0.04878797177048174,0.29504504504504503
img_0571.png,2.7710406999999577,0.05001515610791149,0.3114754098360656
img_0572.png,2.7969640000001164,0.05044877746827608,0.3044496487119438
img_0573.png,2.851297599999725,0.044672502263809234,0.2665198237885463
img_0574.png,2.7895974000002752,0.04770531400966183,0.30985915492957744
img_0575.png,2.6929574000000684,0.04200373366521468,0.2597701149425287
img_0576.png,2.6537247999999636,0.046341463414634146,0.26905829596412556
img_0577.png,2.728274799999781,0.052761493366244985,0.3318077803203661
img_0578.png,2.7852552999997897,0.04473438956197577,0.2793427230046948
img_0579.png,2.671740299999783,0.044694435998783824,0.28703703703703703
img_0580.png,2.8658645999998953,0.048685782556750296,0.3088888888888889
img_0581.png,2.8504047000001265,0.045747620509671474,0.28841607565011823
img_0582.png,2.875256900000295,0.04694976076555024,0.28824833702882485
img_0583.png,2.6338175999999294,0.04331797235023042,0.26410835214446954
img_0584.png,2.8347521999999117,0.05034182722187694,0.3237410071942446
img_0585.png,9.267231300000276,0.046296296296296294,0.2793427230046948
img_0586.png,2.6786200000001372,0.044803982576229,0.2641509433962264
img_0587.png,2.773455600000034,0.050030506406345335,0.2942528735632184
img_0588.png,2.8659278000000086,0.04562962962962963,0.29295154185022027
img_0589.png,2.627313299999969,0.04162783473128301,0.2465753424657534
img_0590.png,2.843609500000184,0.051963746223564956,0.3471264367816092
img_0591.png,2.730728800000179,0.044947209653092006,0.2725225225225225
img_0592.png,2.7261852999999974,0.043867778807537845,0.27586206896551724
img_0593.png,2.6971176999995805,0.045262522631261314,0.2834101382488479
img_0594.png,2.7092523000001165,0.04570552147239264,0.2889908256880734
img_0595.png,2.7663076000003457,0.049345111178799875,0.31494252873563217
img_0596.png,2.7196333000001687,0.045180722891566265,0.2943820224719101
img_0597.png,2.774841899999956,0.04986400725294651,0.2898876404494382
img_0598.png,2.8744133000000147,0.0487656202377324,0.29493087557603687
img_0599.png,2.7488655000001927,0.042927733168622605,0.26666666666666666
img_0600.png,2.7149082000000817,0.05421870240633567,0.33101851851851855
img_0601.png,2.8070553999996264,0.04721804511278196,0.27616926503340755
img_0602.png,2.692624799999976,0.040012217470983505,0.2648401826484018
img_0603.png,2.7533751999999367,0.045454545454545456,0.27816091954022987
img_0604.png,2.6334170999998605,0.04595588235294118,0.271689497716895
img_0605.png,2.8372910000002776,0.04580152671755725,0.2837528604118993
img_0606.png,2.7618638000003557,0.04763358778625954,0.3009049773755656
img_0607.png,2.8054007999999158,0.045072115384615384,0.29357798165137616
img_0608.png,2.874941200000194,0.04108761329305136,0.25112107623318386
img_0609.png,2.849188099999992,0.04683698296836983,0.2951945080091533
img_0610.png,2.7500560999997106,0.04942037827943868,0.309255079006772
img_0611.png,2.822498900000028,0.049345111178799875,0.29464285714285715
img_0612.png,2.8858987999997225,0.049544072948328265,0.29195402298850576
img_0613.png,2.7391770000003817,0.04453196001211754,0.26605504587155965
img_0614.png,2.6142487000001893,0.04323827046918123,0.27251732101616627
img_0615.png,2.761644300000171,0.04907040536421823,0.3115124153498871
img_0616.png,2.8011986000001343,0.05304878048780488,0.3180778032036613
img_0617.png,2.8199391999996806,0.04449862846693081,0.2817551963048499
img_0618.png,2.6857590999998138,0.042926239419588876,0.273542600896861
img_0619.png,2.6366823999996996,0.045829514207149404,0.29330254041570436
img_0620.png,2.891784099999768,0.043516873889875664,0.27640449438202247
img_0621.png,2.7882728999998108,0.0464329643296433,0.27816091954022987
img_0622.png,2.761050100000375,0.0504278728606357,0.3107476635514019
img_0623.png,2.8553929999998218,0.05016521477921298,0.3387096774193548
img_0624.png,2.778938200000084,0.04305931948208371,0.2737556561085973
img_0625.png,2.7711331999998947,0.048372376026772135,0.2979214780600462
img_0626.png,2.7427413000000342,0.04324160870879951,0.2636363636363636
img_0627.png,2.673523500000101,0.04472163066626103,0.27765237020316025
img_0628.png,2.7199522000000798,0.04451847365233192,0.2681318681318681
img_0629.png,2.5950211000003947,0.04441664060056303,0.2727272727272727
img_0630.png,2.5751921999999468,0.04452054794520548,0.27400468384074944
img_0631.png,2.655038400000194,0.04666871354006755,0.2974828375286041
img_0632.png,2.6958143000001655,0.050388802488335924,0.2997658079625293
img_0633.png,2.85171229999969,0.05194401244167963,0.3129411764705882
img_0634.png,2.783328200000142,0.05288753799392097,0.31910112359550563
img_0635.png,2.739676600000166,0.048714069591527985,0.2696629213483146
img_0636.png,2.539168200000404,0.052076875387476754,0.30068337129840544
img_0637.png,2.7963604000001396,0.04418394950405771,0.24778761061946902
img_0638.png,2.8800061000001733,0.04445116419715754,0.2796420581655481
img_0639.png,2.7427115999998932,0.046296296296296294,0.2810304449648712
img_0640.png,2.9015524999999798,0.049516908212560384,0.31543624161073824
img_0641.png,2.644631600000139,0.04351823475329451,0.2700228832951945
img_0642.png,2.826171400000021,0.04767840448737925,0.30117647058823527
img_0643.png,2.715499500000078,0.044269254093389936,0.2545871559633027
img_0644.png,2.6012219000003824,0.04599129894344313,0.297423887587822
img_0645.png,2.7365015000000312,0.04773637203572528,0.28169014084507044
img_0646.png,3.020568699999785,0.045915324985092425,0.2733333333333333
img_0647.png,3.226321100000405,0.05222256760957414,0.3231850117096019
img_0648.png,2.890787299999829,0.04805914972273567,0.30985915492957744
img_0649.png,3.178062299999965,0.04351823475329451,0.2775229357798165
img_0650.png,3.0217979999997624,0.049712033949681725,0.3165137614678899
img_0651.png,2.960733899999923,0.04619149587029673,0.275626423690205
img_0652.png,2.877671299999747,0.049801405438435684,0.2777777777777778
img_0653.png,2.992486800000279,0.051787916152897656,0.31724137931034485
img_0654.png,2.770336800000223,0.04809183990071362,0.3028169014084507
img_0655.png,2.7743000999998912,0.046774686640171204,0.2988505747126437
img_0656.png,2.746881299999586,0.04471168670983657,0.28738317757009346
img_0657.png,2.7631139999998595,0.04091754494730316,0.25995316159250587
img_0658.png,2.688099299999976,0.034375967791886036,0.21939953810623555
img_0659.png,2.775763299999653,0.04744413835322926,0.30068337129840544
img_0660.png,2.9063751999997294,0.04913557779799818,0.29723502304147464
img_0661.png,2.7058804000002965,0.04096088697259008,0.26046511627906976
img_0662.png,2.763168400000268,0.049007817197835236,0.30699774266365687
img_0663.png,2.808740399999806,0.044789762340036565,0.2746478873239437
img_0664.png,2.7815144999999575,0.04675484466318056,0.2831050228310502
img_0665.png,3.0440287000001263,0.039672925499697156,0.24330357142857142
img_0666.png,3.1511811000000307,0.047619047619047616,0.2887323943661972
img_0667.png,2.951583600000049,0.049970077797725915,0.3082039911308204
img_0668.png,3.2033283000000665,0.048100490196078434,0.31529411764705884
img_0669.png,3.0600147999998626,0.05277442702050664,0.3333333333333333
img_0670.png,2.851746800000001,0.04451313755795981,0.271689497716895
img_0671.png,2.953407099999822,0.04630750605326876,0.28216704288939054
img_0672.png,3.080538599999727,0.04682170542635659,0.29411764705882354
img_0673.png,2.6987693999999465,0.04769375588327581,0.28805620608899296
img_0674.png,2.866476199999852,0.044437726723095525,0.2979683972911964
img_0675.png,2.8141473999999107,0.044417401886218434,0.29357798165137616
img_0676.png,2.78233309999996,0.04451949646914338,0.2591743119266055
img_0677.png,2.8421665000000758,0.04553846153846154,0.2817551963048499
img_0678.png,2.868983500000013,0.04481203007518797,0.27640449438202247
img_0679.png,2.890969000000041,0.04179566563467492,0.25170068027210885
img_0680.png,2.710562000000209,0.0519360786724032,0.32265446224256294
img_0681.png,2.6661377000000357,0.05643203883495146,0.3470319634703196
img_0682.png,7.311506699999882,0.047648136835675016,0.2857142857142857
img_0683.png,4.791375099999641,0.04435607219333129,0.2556053811659193
img_0684.png,2.740009900000132,0.054845746338423186,0.3231850117096019
img_0685.png,2.749277599999914,0.0430563978168587,0.2599118942731278
img_0686.png,2.7776521000000685,0.05169286577992745,0.3355855855855856
img_0687.png,2.7055327000002762,0.05180870631514408,0.32084309133489464
img_0688.png,2.736627100000078,0.04588559192413582,0.2775229357798165
img_0689.png,2.731053999999858,0.04261189454322502,0.271889400921659
img_0690.png,2.66980250000006,0.04683698296836983,0.28832951945080093
img_0691.png,2.7969529000001785,0.04763358778625954,0.3104265402843602
img_0692.png,2.6782453999999234,0.05256648113790971,0.3161592505854801
img_0693.png,2.777960699999767,0.04854368932038835,0.2974828375286041
img_0694.png,2.8334677000002557,0.04932453660069117,0.3046683046683047
img_0695.png,2.7963752999999087,0.0401840490797546,0.23943661971830985
img_0696.png,2.7755602000002,0.042442748091603054,0.2625570776255708
img_0697.png,2.815115599999899,0.049695121951219515,0.3107476635514019
img_0698.png,2.7916356999999152,0.05185408501658125,0.3009049773755656
img_0699.png,2.7493821999996726,0.0441669204995431,0.2791762013729977
img_0700.png,2.7584214000003158,0.04783530124129579,0.2895927601809955
img_0701.png,9.096535199999835,0.046946916231972995,0.2768878718535469
img_0702.png,2.6299135000003844,0.04666871354006755,0.3107476635514019
img_0703.png,2.6611880999998903,0.04984709480122324,0.3194444444444444
img_0704.png,2.8990978000001633,0.04725138974675726,0.2706422018348624
img_0705.png,2.825687300000027,0.05519580635214308,0.3286384976525822
img_0706.png,2.827633800000058,0.044274809160305344,0.27828054298642535
img_0707.png,2.7626001999997243,0.04141104294478527,0.2608695652173913
img_0708.png,2.718870799999877,0.04821867321867322,0.2997711670480549
img_0709.png,2.7913158999999723,0.046846295162278014,0.3002309468822171
img_0710.png,2.7785617999998067,0.049165402124430956,0.29295154185022027
img_0711.png,2.69206129999975,0.04511512134411948,0.30117647058823527
img_0712.png,2.6554666000001816,0.05045871559633028,0.3219954648526077
img_0713.png,2.7669957000002796,0.0470479704797048,0.28604118993135014
img_0714.png,2.6757622999998603,0.04916512059369202,0.30184331797235026
img_0715.png,2.8336364000001595,0.0418960244648318,0.27313769751693
img_0716.png,2.7795077999999194,0.048125,0.2917647058823529
img_0717.png,2.764007899999797,0.04124031007751938,0.26401869158878505
img_0718.png,2.7427075000000514,0.053693358162631905,0.325635103926097
img_0719.png,2.8310317999998915,0.04709058188362328,0.29545454545454547
img_0720.png,2.7949898000001667,0.04511050560096882,0.3
img_0721.png,2.773442000000159,0.04143814747105423,0.2465753424657534
img_0722.png,2.6967485999998644,0.04772167487684729,0.28110599078341014
img_0723.png,2.7125569999998334,0.047708138447146865,0.2863741339491917
img_0724.png,2.743127100000038,0.04548229548229548,0.2708333333333333
img_0725.png,2.765987199999927,0.043138480775242266,0.271889400921659
img_0726.png,2.7953042999997706,0.0426980198019802,0.25995316159250587
img_0727.png,2.853545099999792,0.044226044226044224,0.27313769751693
img_0728.png,2.877770999999939,0.0384375,0.2350230414746544
img_0729.png,2.8734881000000314,0.048700328652524646,0.3008849557522124
img_0730.png,2.798607300000185,0.049559136515658256,0.30892448512585813
img_0731.png,2.697977300000275,0.05415384615384616,0.3302540415704388
img_0732.png,2.7688061999997444,0.04304738309074017,0.26773455377574373
img_0733.png,2.811850100000356,0.046532572800960674,0.29571106094808125
img_0734.png,2.7159091999997145,0.046106870229007633,0.2962138084632517
img_0735.png,2.7805413999999473,0.04237804878048781,0.2702078521939954
img_0736.png,2.7465300999997453,0.04296388542963885,0.2608695652173913
img_0737.png,2.8955590000000484,0.03953771289537713,0.2654462242562929
img_0738.png,2.9112224000000424,0.048271752085816445,0.2918552036199095
img_0739.png,2.768651200000022,0.047397769516728624,0.2824601366742597
img_0740.png,2.7393201999998382,0.04528985507246377,0.28475336322869954
img_0741.png,2.854366999999911,0.046646341463414634,0.29128440366972475
img_0742.png,2.709326400000009,0.044730392156862746,0.268018018018018
img_0743.png,2.6667316000002756,0.049891540130151846,0.3185011709601874
img_0744.png,2.9068804999997155,0.05226586102719033,0.31756756756756754
img_0745.png,2.8521138999999494,0.04842105263157895,0.308411214953271
img_0746.png,2.832282899999882,0.038832028898254066,0.23777777777777778
img_0747.png,2.8133025000001908,0.05266325609389106,0.32723112128146453
img_0748.png,2.828861799999686,0.050120772946859904,0.2863741339491917
img_0749.png,2.734456399999999,0.051829268292682924,0.29777777777777775
img_0750.png,2.937335399999938,0.0453153704837722,0.2997711670480549
img_0751.png,2.674319799999921,0.043411330049261086,0.28805620608899296
img_0752.png,2.8094229000002997,0.045064377682403435,0.2706422018348624
img_0753.png,2.7990130999996836,0.04659055846960815,0.27923627684964203
img_0754.png,2.881629999999859,0.05052950075642965,0.2973568281938326
img_0755.png,2.815820899999835,0.04741379310344827,0.30117647058823527
img_0756.png,2.6896226999997452,0.04082876294942109,0.25339366515837103
img_0757.png,2.6450321000002077,0.041243459526008004,0.2562929061784897
img_0758.png,2.854574799999682,0.05272895467160037,0.3080459770114943
img_0759.png,2.6799402999999984,0.039113027409916845,0.2605633802816901
img_0760.png,2.7948357999998734,0.04698608964451314,0.2926267281105991
img_0761.png,2.7985407000001032,0.04449789536981359,0.28735632183908044
img_0762.png,2.7453565999999228,0.04942389326864766,0.2929061784897025
img_0763.png,2.7272515999998177,0.04605062519060689,0.2934272300469484
img_0764.png,2.7622999999998683,0.050770625566636446,0.29411764705882354
img_0765.png,2.8963800999999876,0.044437726723095525,0.2700892857142857
img_0766.png,2.7569101000003684,0.04653312788906009,0.2775229357798165
img_0767.png,2.7817967999999382,0.04499229583975347,0.28153153153153154
img_0768.png,2.5926079999999274,0.043125,0.23863636363636365
img_0769.png,2.8136875000000146,0.05300462249614792,0.28837209302325584
img_0770.png,2.81666499999983,0.04677127338563669,0.26948775055679286
img_0771.png,2.5907122000003255,0.04466501240694789,0.279445727482679
img_0772.png,2.7089261999999508,0.05092592592592592,0.29330254041570436
img_0773.png,2.8304637000001094,0.04397646330133168,0.271264367816092
img_0774.png,2.82236869999997,0.05026537620980331,0.3215962441314554
img_0775.png,2.863690300000144,0.04570383912248629,0.2863636363636364
img_0776.png,2.676808499999879,0.045891472868217056,0.28
img_0777.png,2.795350099999723,0.04967085577498504,0.32054176072234764
img_0778.png,2.8071680999996715,0.04197530864197531,0.24647887323943662
img_0779.png,2.84851209999988,0.04221474457020496,0.2632794457274827
img_0780.png,2.7080873999998403,0.04240173320953265,0.2765957446808511
img_0781.png,2.7621460999998817,0.049443757725587144,0.3073394495412844
img_0782.png,2.8058665999997174,0.04981773997569866,0.30855855855855857
img_0783.png,2.731450499999937,0.04465370595382746,0.26376146788990823
img_0784.png,2.6696615999999267,0.048372376026772135,0.2896551724137931
img_0785.png,2.915717500000028,0.04030769230769231,0.255079006772009
img_0786.png,2.7238860999996177,0.04529726329034287,0.27751196172248804
img_0787.png,2.8376235000000634,0.041846153846153845,0.25934579439252337
img_0788.png,2.774615199999971,0.03865030674846626,0.23853211009174313
img_0789.png,2.761124099999961,0.04549763033175355,0.27358490566037735
img_0790.png,2.9301085000001876,0.04213397999393756,0.2909090909090909
img_0791.png,2.7495527000000948,0.05570860116314662,0.32547169811320753
img_0792.png,2.967508899999757,0.05090909090909091,0.29977628635346754
img_0793.png,2.7634258000002774,0.043116723129042196,0.2646370023419204
img_0794.png,2.77391630000011,0.05,0.2974828375286041
img_0795.png,2.9017706999998154,0.05310531053105311,0.3235294117647059
img_0796.png,2.794739500000105,0.047069541451563925,0.2956120092378753
img_0797.png,2.791455699999915,0.0445995145631068,0.2713004484304933
img_0798.png,2.796911800000089,0.04724169460530326,0.2853881278538813
img_0799.png,2.826322899999923,0.04884004884004884,0.29906542056074764
img_0800.png,2.754638200000045,0.04438322620140802,0.2827102803738318
img_0801.png,2.7025163000002976,0.045025188916876575,0.2777777777777778
img_0802.png,2.7883222000000387,0.040119760479041915,0.2510822510822511
img_0803.png,2.8131235999999262,0.0433832709113608,0.2733644859813084
img_0804.png,2.8164342000000033,0.05132098390525357,0.3125
img_0805.png,8.13738609999973,0.04213740458015267,0.2689655172413793
img_0806.png,2.653944799999863,0.04167943610174686,0.2684563758389262
img_0807.png,2.79192970000031,0.045763760049474335,0.29493087557603687
img_0808.png,2.8174980999997388,0.04910033546813053,0.2990867579908676
img_0809.png,2.856349599999703,0.05234327449786975,0.32207207207207206
img_0810.png,3.022067999999763,0.04199877375843041,0.2602739726027397
img_0811.png,2.820995199999743,0.046831955922865015,0.2857142857142857
img_0812.png,2.8506821000000855,0.04388905821395916,0.2903225806451613
img_0813.png,2.7726111000001765,0.05356037151702786,0.3117782909930716
img_0814.png,2.7496972999997524,0.047619047619047616,0.3018867924528302
img_0815.png,2.8011161000003995,0.04586877278250304,0.2924107142857143
img_0816.png,2.8344554000000244,0.05049594229035167,0.31685393258426964
img_0817.png,2.7858648999999787,0.04590459045904591,0.28153153153153154
img_0818.png,2.76714660000016,0.04555181901559156,0.2775229357798165
img_0819.png,2.9218823999999586,0.047344461305007586,0.30248306997742663
img_0820.png,2.7904834999999366,0.044817073170731705,0.2686230248306998
img_0821.png,2.683738700000049,0.04436860068259386,0.28805620608899296
img_0822.png,2.8746436000001268,0.04483900090279867,0.2937219730941704
img_0823.png,4.315738199999942,0.04378230465186987,0.26373626373626374
img_0824.png,6.696843299999728,0.0460646735814521,0.2837528604118993
img_0825.png,2.593481000000338,0.04096088697259008,0.2517162471395881
img_0826.png,2.744865700000446,0.038390092879256967,0.25586854460093894
img_0827.png,2.81504730000006,0.04216488357457521,0.26555023923444976
img_0828.png,3.04815839999992,0.055778120184899846,0.31797235023041476
img_0829.png,2.799836099999993,0.0543247344461305,0.3242630385487528
img_0830.png,2.8339097000002766,0.053929121725731895,0.32710280373831774
img_0831.png,2.7476019999999153,0.044794188861985475,0.2764976958525346
img_0832.png,2.803701700000147,0.04652586470768289,0.30434782608695654
img_0833.png,2.862074599999687,0.0475181598062954,0.2882882882882883
img_0834.png,2.733310900000106,0.047069541451563925,0.29723502304147464
img_0835.png,2.694923199999721,0.05044877746827608,0.3185011709601874
img_0836.png,2.761349800000062,0.041792852816474865,0.24549549549549549
img_0837.png,2.918039300000146,0.052378085490668275,0.3287037037037037
img_0838.png,2.8003404999999475,0.045372050816696916,0.27802690582959644
img_0839.png,2.8226458999997703,0.048118445404071564,0.3117782909930716
img_0840.png,2.74661019999985,0.051181102362204724,0.30504587155963303
img_0841.png,2.7533849000001283,0.048908028298984926,0.2903225806451613
img_0842.png,2.855398100000002,0.04234724742891712,0.27149321266968324
img_0843.png,2.7751882000002297,0.05009052504526252,0.31096196868008946
img_0844.png,2.7134415000000445,0.04488549618320611,0.2735632183908046
img_0845.png,2.693725899999663,0.04707339733663673,0.2723112128146453
img_0846.png,8.203759999999875,0.044974343495321464,0.2834101382488479
img_0847.png,2.72395940000024,0.04939759036144578,0.3057471264367816
img_0848.png,2.6885356000002503,0.04342507645259939,0.2654462242562929
img_0849.png,2.7823429000000033,0.044063647490820076,0.26605504587155965
img_0850.png,2.707922300000064,0.03829787234042553,0.2642369020501139
img_0851.png,2.7576641000000564,0.04408634843417452,0.26741573033707866
img_0852.png,2.762691100000211,0.04533008822634621,0.2889908256880734
img_0853.png,2.7458569000000352,0.050237812128418546,0.3056179775280899
img_0854.png,2.769928400000026,0.0423963133640553,0.25112107623318386
img_0855.png,2.8400157999999465,0.039938080495356035,0.2751196172248804
img_0856.png,2.837313400000312,0.03631961259079903,0.2348993288590604
img_0857.png,2.7497957999999016,0.04402895054282268,0.26410835214446954
img_0858.png,2.7403810999999223,0.04809437386569873,0.29082774049217003
img_0859.png,2.80086110000002,0.0460646735814521,0.29954954954954954
img_0860.png,2.762384099999963,0.04682686383240912,0.2930232558139535
img_0861.png,2.7022265000000516,0.04800724637681159,0.30598669623059865
img_0862.png,3.0378860000000714,0.049055453991468614,0.2943820224719101
img_0863.png,2.987538300000324,0.04185623293903549,0.2591743119266055
img_0864.png,8.124603899999784,0.052336448598130844,0.3075117370892019
img_0865.png,2.6865562999996655,0.04207317073170732,0.26823529411764707
img_0866.png,2.8587453999998615,0.04153846153846154,0.2665094339622642
img_0867.png,2.7047191999999995,0.050294939459795095,0.32235294117647056
img_0868.png,2.743799399999716,0.04935622317596566,0.3130841121495327
img_0869.png,2.769879200000105,0.04826732673267327,0.2853881278538813
img_0870.png,2.827395499999966,0.05229357798165138,0.30158730158730157
img_0871.png,2.783308600000055,0.04695546803998788,0.28798185941043086
img_0872.png,2.806214999999611,0.048451395277522236,0.3057471264367816
img_0873.png,2.742337199999838,0.04672029702970297,0.2806603773584906
img_0874.png,2.764892299999701,0.043412264723740136,0.2591743119266055
img_0875.png,2.7690819999997984,0.049241251161350266,0.29723502304147464
img_0876.png,2.7977725000000646,0.045808663134933,0.27230046948356806
img_0877.png,2.8568866999999045,0.04959451029320025,0.31058823529411766
img_0878.png,2.8364518000003045,0.0519840049215626,0.3103448275862069
img_0879.png,2.8347718999998506,0.042735042735042736,0.27927927927927926
img_0880.png,2.7656215000001794,0.04291845493562232,0.26635514018691586
img_0881.png,2.745490200000404,0.044626593806921674,0.2684563758389262
img_0882.png,2.83410079999976,0.04460739382829209,0.27634660421545665
img_0883.png,2.7574164000002384,0.04218137993371497,0.26636568848758463
img_0884.png,2.790392000000338,0.0508578431372549,0.3063063063063063
img_0885.png,2.850109800000155,0.046413502109704644,0.2793791574279379
img_0886.png,2.7325410999997075,0.04310344827586207,0.26018099547511314
img_0887.png,2.6492081999999755,0.046218487394957986,0.27608695652173915
img_0888.png,2.8524019999999837,0.04986149584487535,0.32413793103448274
img_0889.png,2.783586799999739,0.04524469067405355,0.2867132867132867
img_0890.png,2.8834359000002223,0.0405824039653036,0.2505800464037123
img_0891.png,2.793905900000027,0.04659606656580938,0.29107981220657275
img_0892.png,2.7451028000000406,0.0453714981729598,0.2850467289719626
img_0893.png,2.8223275999998805,0.05090909090909091,0.3251121076233184
img_0894.png,2.7582855000000563,0.0519360786724032,0.30385487528344673
img_0895.png,2.848609099999976,0.04869933454325469,0.2997711670480549
img_0896.png,2.8887448999998924,0.04696132596685083,0.2917647058823529
img_0897.png,2.7824132000000645,0.04389489953632148,0.26869158878504673
img_0898.png,2.7553444999998646,0.053462940461725394,0.3087557603686636
img_0899.png,2.81931110000005,0.047501542257865514,0.2799097065462754
img_0900.png,2.69722210000009,0.05078005506271031,0.3262411347517731
img_0901.png,2.795867199999975,0.038778625954198474,0.26401869158878505
img_0902.png,2.7745946000000004,0.044539353264185476,0.2768878718535469
img_0903.png,2.798657899999853,0.05835380835380835,0.3341176470588235
img_0904.png,2.8119440999998915,0.04106650321789764,0.2662037037037037
img_0905.png,2.7563795000000937,0.04586026469682979,0.27415730337078653
img_0906.png,2.6868013000002975,0.044027093596059115,0.2702078521939954
img_0907.png,2.7523741999998492,0.04452690166975881,0.291866028708134
img_0908.png,2.868326700000125,0.056074766355140186,0.3274336283185841
img_0909.png,2.867282200000318,0.05459940652818991,0.33482142857142855
img_0910.png,2.739830500000153,0.040245775729646695,0.2505694760820046
img_0911.png,2.7332476999999926,0.04257302672467371,0.2611764705882353
img_0912.png,2.8694166000000223,0.05362583790371724,0.3356164383561644
img_0913.png,2.6609880999999405,0.04411764705882353,0.2789598108747045
img_0914.png,2.7321638000003077,0.039334341906202726,0.2645739910313901
img_0915.png,2.8449141000000964,0.04626549742969459,0.27539503386004516
img_0916.png,2.7488124000001335,0.04618722876627402,0.2813953488372093
img_0917.png,2.8056950000000143,0.04795792079207921,0.30484988452655887
img_0918.png,2.812408199999936,0.04430186373357776,0.2857142857142857
img_0919.png,2.7215610000002926,0.04486785494775661,0.271889400921659
img_0920.png,2.74218830000018,0.04236006051437216,0.2606741573033708
img_0921.png,2.7330156000002717,0.050806206267112866,0.31519274376417233
img_0922.png,2.808890799999972,0.045763760049474335,0.2863849765258216
img_0923.png,2.8151529000001574,0.04,0.248868778280543
img_0924.png,2.7547113999999056,0.05324357405140759,0.3123543123543124
img_0925.png,2.719619099999818,0.0453035336756267,0.29504504504504503
img_0926.png,2.744905099999869,0.04167953071935783,0.2676056338028169
img_0927.png,2.7365592999999535,0.05428484293992071,0.3279445727482679
img_0928.png,2.8847044000003734,0.05030120481927711,0.3120728929384966
img_0929.png,2.8101395999997294,0.04973902364138778,0.3097949886104784
img_0930.png,2.715312199999971,0.041743400859422956,0.26773455377574373
img_0931.png,2.7861089999996693,0.040303030303030306,0.2579908675799087
img_0932.png,2.7923859000002267,0.04528763769889841,0.2745995423340961
img_0933.png,2.6551069000001917,0.04682686383240912,0.3018867924528302
img_0934.png,2.8068693000000167,0.051382211538461536,0.32505643340857787
img_0935.png,2.701693400000295,0.05205811138014528,0.3135011441647597
img_0936.png,2.7151036000000204,0.043316831683168314,0.2632794457274827
img_0937.png,2.828829300000052,0.048810250152532035,0.30344827586206896
img_0938.png,2.5834884999999304,0.05708180708180708,0.34953703703703703
img_0939.png,2.830922499999815,0.05218187366493744,0.3248847926267281
img_0940.png,2.719082900000103,0.04741245739076542,0.2942528735632184
img_0941.png,2.7642531999999846,0.044369645042839655,0.2762557077625571
img_0942.png,2.780327599999964,0.04578979717271051,0.284037558685446
img_0943.png,2.7954311000003145,0.04945904173106646,0.3136792452830189
img_0944.png,2.9590117000002465,0.04770531400966183,0.2873051224944321
img_0945.png,2.844613200000367,0.04563431700638881,0.2706422018348624
img_0946.png,2.839508399999886,0.05060975609756098,0.3059360730593607
img_0947.png,2.7901998999996067,0.049798948345190226,0.28837209302325584
img_0948.png,2.703006899999764,0.04438322620140802,0.2847058823529412
img_0949.png,2.8428122999998777,0.042852770125497396,0.2545871559633027
img_0950.png,2.8018011999997725,0.05447352404138771,0.32941176470588235
img_0951.png,2.87403600000016,0.04503956177723676,0.27313769751693
img_0952.png,2.771629800000028,0.04328087167070218,0.2775229357798165
img_0953.png,2.883252000000084,0.04490925868963396,0.2981220657276995
img_0954.png,2.8819713000002594,0.042188933047997555,0.2606741573033708
img_0955.png,2.7939596999999594,0.04577572964669739,0.29107981220657275
img_0956.png,2.896965899999941,0.04788213627992634,0.27790432801822323
img_0957.png,2.666247199999816,0.044113173106175844,0.2713004484304933
img_0958.png,2.780854300000101,0.048993086865043584,0.30666666666666664
img_0959.png,2.7578859000000193,0.048735348550277606,0.30985915492957744
img_0960.png,2.9016104000002088,0.040655339805825245,0.2557077625570776
img_0961.png,2.6641548999996303,0.04977099236641221,0.30892448512585813
img_0962.png,2.764044699999886,0.04499847978108848,0.2831050228310502
img_0963.png,2.7656676999999945,0.04767879548306148,0.30184331797235026
img_0964.png,2.8762698999998975,0.04978749241044323,0.317351598173516
img_0965.png,2.825452000000041,0.047161309702613396,0.28507795100222716
img_0966.png,2.78709470000058,0.0432794879609875,0.26292134831460673
img_0967.png,2.5672875000000204,0.048795364440378165,0.30296127562642367
img_0968.png,2.7424603999998,0.04781829049611477,0.3032967032967033
img_0969.png,2.842686999999387,0.041033434650455926,0.2662192393736018
img_0970.png,2.876430299999811,0.042779126213592235,0.2672811059907834
img_0971.png,2.810292500000287,0.04290530186944529,0.2772727272727273
img_0972.png,2.9007729000004474,0.05384849406753879,0.32009345794392524
img_0973.png,2.729805899999519,0.04193647856922603,0.271264367816092
img_0974.png,2.724931800000377,0.049630086313193586,0.2889908256880734
img_0975.png,2.8611517999997886,0.04509921828021648,0.268018018018018
img_0976.png,2.7174275000006674,0.04452054794520548,0.2678983833718245
img_0977.png,2.735276100000192,0.04850858692377222,0.30201342281879195
img_0978.png,2.885162799999307,0.04325153374233129,0.2618510158013544
img_0979.png,2.78482509999958,0.044981640146878825,0.28805620608899296
img_0980.png,2.8645461999999497,0.03884372177055104,0.24379232505643342
img_0981.png,2.7812700999998015,0.04194053208137715,0.2751196172248804
img_0982.png,2.5936346999997113,0.050216986980781156,0.3091334894613583
img_0983.png,2.621574299999793,0.045105860693464256,0.26376146788990823
img_0984.png,2.87848699999995,0.04388905821395916,0.2800925925925926
img_0985.png,2.787804800000231,0.044263775971093045,0.2747747747747748
img_0986.png,2.718008099999679,0.04665438919582566,0.31264367816091954
img_0987.png,2.6544293999995716,0.049332919640086875,0.29439252336448596
img_0988.png,2.613712399999713,0.055865921787709494,0.32857142857142857
img_0989.png,2.7196148000002722,0.048167222053923056,0.30504587155963303
img_0990.png,2.700607700000546,0.04400371862410908,0.26605504587155965
img_0991.png,2.803131900000153,0.04409063074096754,0.27505827505827507
img_0992.png,2.82744349999939,0.044410876132930516,0.27828054298642535
img_0993.png,2.7382947000005515,0.04559270516717325,0.272108843537415
img_0994.png,2.7250184000004083,0.040627885503231764,0.26139088729016785
img_0995.png,3.00389610000002,0.041730124885775204,0.2647058823529412
img_0996.png,2.8368156999995335,0.05295566502463054,0.3060747663551402
img_0997.png,2.8433506000001216,0.04193647856922603,0.25287356321839083
img_0998.png,2.5060003999997207,0.049723756906077346,0.3181818181818182
img_0999.png,2.4987699000002976,0.04773413897280967,0.28444444444444444
